Species_Code,Scientific_Name,Common_Name,Typical_Breeding_Habitat,Biting_Behaviour,Seasonal_Characteristics,Vector_Significance,Notes
AEDNOT,Aedes notoscriptus,Container Mosquito,"Clean water within the domestic environment; artificial containers such as water ponds, bird baths, pet water bowls, gutters, pot plant drip trays, leaf axils.","Vicious biter; active dawn and dusk, occasionally at night and daytime; prefers shade.","Present year-round in the Perth metro area; breeds readily in backyard containers after rain or irrigation, so numbers track closely with resident watering/container habits as much as season.",Ross River virus (RRV).,"The dominant species in inner-urban council areas such as Vincent - most resident complaints and backyard breeding-site inspections relate to this species. Source: WA Dept of Health, 'Common mosquitoes in Western Australia'."
AEDVIG,Aedes vigilax,Saltmarsh Mosquito,Coastal saltmarshes and brackish swamps.,Vicious biter; bites at all times of day and night.,"Builds after tidal inundation of saltmarsh in the warmer months; a strong flier that can disperse tens of kilometres from its breeding site, so it is tracked well beyond the immediate saltmarsh/river fringe.",Ross River virus (RRV) and Barmah Forest virus (BFV).,"Source: WA Dept of Health, 'Common mosquitoes in Western Australia' and WA Health mosquito management plan template (2020)."
AEDCAM,Aedes camptorhynchus,Southern Saltmarsh Mosquito,"Coastal or inland brackish water; tidal saltmarshes, especially sites with samphire.",Vicious biter; bites at all times of day and night.,"Often the dominant species in WA trap collections between September and December, associated with saltmarsh/estuarine tidal inundation.",Ross River virus (RRV) and Barmah Forest virus (BFV).,"Relevant to the Swan River foreshore site given its estuarine/brackish habitat. Source: WA Dept of Health, 'Common mosquitoes in Western Australia' and WA Health mosquito management plan template (2020)."
CULANN,Culex annulirostris,Common Banded Mosquito,"Permanent/semi-permanent freshwater bodies; also mildly brackish water, man-made lakes and containers.","Active at dawn, dusk and night.","Builds through summer in warm, wet conditions; common in retention basins and freshwater wetlands.","Murray Valley encephalitis (MVE), West Nile virus Kunjin strain (WNVKUN), Ross River virus (RRV) and Barmah Forest virus (BFV).","Source: WA Dept of Health, 'Common mosquitoes in Western Australia'."
CULQUI,Culex quinquefasciatus,Southern House Mosquito,"Clean or polluted water in the domestic environment and artificial containers (stormwater, blocked drains, catch basins).","Active at dawn, dusk and night.","Present year-round, closely associated with urban stormwater infrastructure.",A significant nuisance/pest species but a poor disease vector in WA.,"Source: WA Dept of Health, 'Common mosquitoes in Western Australia'."
ANOANN,Anopheles annulipes,Common Anopheles Mosquito,Permanent and semi-permanent fresh water.,Night-time; occasionally bites during the day.,Present alongside Culex species in freshwater wetlands and drains.,None - not considered a disease vector in WA.,"Included for identification completeness. Source: WA Dept of Health, 'Common mosquitoes in Western Australia'."
AEDALB,Aedes alboannulatus,White-kneed Mosquito,"Rain-filled pools in open, sunlit or forested areas; eggs are laid on the soil substrate of drying pools and can withstand desiccation between rain events.","Bites humans readily, usually at dusk or in shaded areas during the day; also feeds on birds.","Widely distributed across southern Australia (Qld, NSW, Vic, Tas, SA, WA), in both coastal and inland areas; its drought-resistant eggs let it re-establish quickly after rain.","Can carry Murray Valley encephalitis virus in laboratory studies, but is a considerably poorer vector than Culex annulirostris or Aedes sagax.","Not covered on WA Health's own 'Common mosquitoes in Western Australia' page - included here as one of the further species named on WA's South-West adult mosquito photographic key. Source: Webb, Doggett & Russell, 'A Guide to Mosquitoes of Australia' (2016), via Wikipedia and iNaturalist (common name 'White-kneed Mosquito')."
CULGLO,Culex globocoxitus,Swamp Mosquito (no widely-used common name found),"Open swamps and brackish water, including small pools in creek beds and drainage pits; tolerates heavily polluted water; larvae co-occur with Aedes camptorhynchus in grassy pools over winter.",Females generally do not bite humans - the host is most likely birds.,Active year-round with a peak between July and November; can complete one to two generations through the cooler months (mating requires temperatures above 13°C).,No documented disease-vector significance for humans or animals in the sources reviewed.,Recorded in coastal south-western WA. Not covered on WA Health's own species page - named as one of the further species on WA's South-West adult mosquito photographic key. Source: Wikipedia summary of published taxonomic/ecological references (Dobrotworsky 1953 and later).
CULMOL,Culex molestus,London Underground Mosquito,"Below-ground or enclosed water - drains, sumps, septic systems, sewers - rather than open water; females can lay a first egg batch without a blood meal (autogenous reproduction).","Bites humans and birds readily, including at night; a below-ground/underground domestic pest, since its habitat stays temperature-stable and lets it remain active indoors year-round in warmer areas.","Recorded in NSW, Vic and Tas; can be active throughout the year in warmer locations.","Can carry Murray Valley encephalitis virus in laboratory studies, but its importance as an actual disease vector is unclear - mainly significant as a biting/nuisance pest.","A below-ground biotype of the Culex pipiens complex, distinct from Culex quinquefasciatus already tracked above - named as one of the further species on WA's South-West adult mosquito photographic key. Source: University of Sydney Medical Entomology and Rutgers University Center for Vector Biology."
CULAUS,Culex australicus,Bird/Rabbit-feeding Culex (no widely-used common name found),Not specifically documented in the sources reviewed for this entry.,Does not normally attack humans - feeds predominantly on rabbits and birds.,"Adults active from spring through autumn in many areas, and year-round in some warmer zones.","Murray Valley encephalitis virus and Kunjin virus have been isolated from wild-caught specimens in the Murray Valley, suggesting a role amplifying these viruses among wildlife hosts; may also be a myxomatosis vector among rabbits.",Widespread across south-eastern Australia and also recorded in WA. Not covered on WA Health's own species page. Source: University of Sydney Medical Entomology (dedicated species page).
AEDSAG,Aedes sagax,Flood-plain Mosquito (no widely-used common name found),"Fresh, clear water, with or without vegetation.",Bites humans and domestic animals readily.,Adults most numerous in summer and spring; larvae persist through winter. Populations can surge dramatically as a major pest after flooding events.,A recognised vector of Ross River virus.,Type locality in NSW; also recorded across Western Australia. Not covered on WA Health's own species page - named as one of the further species on WA's South-West adult mosquito photographic key. Source: Wikipedia.
OTHER,Other / unidentified,Other species,Not applicable.,Not applicable.,Not applicable.,Not applicable.,Catch-all for low-count incidental species not separately identified. WA's South-West adult mosquito photographic key (health.wa.gov.au) lists further species present in the region (e.g. Coquillettidia sp. nr. linealis) beyond the eleven species tracked above.
