Complaint_ID,Date_Received,Season,Site_ID,Approx_Latitude,Approx_Longitude,Category,Description,Investigation_Status,Outcome,Officer,Created_By,Created_Date
CMP-00001,2024-05-09,2023-24,,-31.93413,115.87058,Standing water on property,Resident-reported mosquito nuisance (sample description).,Closed,Referred to property owner,Officer B,data_generator,2024-05-09
CMP-00002,2024-05-02,2023-24,ST-001,-31.93807,115.8624,Suspected breeding site,Resident-reported mosquito nuisance (sample description).,Closed,Referred to property owner,Officer A,data_generator,2024-05-02
CMP-00003,2024-02-01,2023-24,ST-002,-31.94126,115.8562,Swarming/adult numbers,Resident-reported mosquito nuisance (sample description).,Closed,No breeding found,Officer D,data_generator,2024-02-01
CMP-00004,2024-05-11,2023-24,ST-001,-31.93807,115.8624,General enquiry,Resident-reported mosquito nuisance (sample description).,Closed,Referred to property owner,Officer F,data_generator,2024-05-11
CMP-00005,2023-12-27,2023-24,ST-020,-31.94567,115.87133,Swarming/adult numbers,Resident-reported mosquito nuisance (sample description).,Closed,Breeding site identified and treated,Officer D,data_generator,2023-12-27
CMP-00006,2023-10-30,2023-24,,-31.91459,115.8263,Standing water on property,Resident-reported mosquito nuisance (sample description).,Closed,No breeding found,Officer E,data_generator,2023-10-30
CMP-00007,2024-04-22,2023-24,ST-008,-31.92832,115.83631,Swarming/adult numbers,Resident-reported mosquito nuisance (sample description).,Closed,No breeding found,Officer E,data_generator,2024-04-22
CMP-00008,2024-04-30,2023-24,ST-006,-31.94286,115.86585,Suspected breeding site,Resident-reported mosquito nuisance (sample description).,Closed,Breeding site identified and treated,Officer E,data_generator,2024-04-30
CMP-00009,2023-11-03,2023-24,,-31.94353,115.86995,General enquiry,Resident-reported mosquito nuisance (sample description).,Closed,No breeding found,Officer F,data_generator,2023-11-03
CMP-00010,2024-02-04,2023-24,ST-008,-31.92832,115.83631,General enquiry,Resident-reported mosquito nuisance (sample description).,Closed,Referred to property owner,Officer C,data_generator,2024-02-04
CMP-00011,2023-11-18,2023-24,ST-002,-31.94126,115.8562,Standing water on property,Resident-reported mosquito nuisance (sample description).,Closed,Referred to property owner,Officer B,data_generator,2023-11-18
CMP-00012,2023-11-18,2023-24,ST-014,-31.91887,115.83126,Biting nuisance,Resident-reported mosquito nuisance (sample description).,Closed,Referred to property owner,Officer C,data_generator,2023-11-18
CMP-00013,2024-04-10,2023-24,ST-002,-31.94126,115.8562,Suspected breeding site,Resident-reported mosquito nuisance (sample description).,Closed,Breeding site identified and treated,Officer E,data_generator,2024-04-10
CMP-00014,2024-05-01,2023-24,ST-014,-31.91887,115.83126,Biting nuisance,Resident-reported mosquito nuisance (sample description).,Closed,No breeding found,Officer A,data_generator,2024-05-01
CMP-00015,2024-02-05,2023-24,ST-014,-31.91887,115.83126,Standing water on property,Resident-reported mosquito nuisance (sample description).,Closed,Breeding site identified and treated,Officer F,data_generator,2024-02-05
CMP-00016,2023-10-28,2023-24,ST-020,-31.94567,115.87133,Biting nuisance,Resident-reported mosquito nuisance (sample description).,Closed,No breeding found,Officer C,data_generator,2023-10-28
CMP-00017,2023-10-05,2023-24,,-31.94246,115.85108,Biting nuisance,Resident-reported mosquito nuisance (sample description).,Closed,Referred to property owner,Officer D,data_generator,2023-10-05
CMP-00018,2024-03-16,2023-24,ST-002,-31.94126,115.8562,Suspected breeding site,Resident-reported mosquito nuisance (sample description).,Closed,Referred to property owner,Officer E,data_generator,2024-03-16
CMP-00019,2024-01-09,2023-24,ST-005,-31.93279,115.85074,General enquiry,Resident-reported mosquito nuisance (sample description).,Closed,No breeding found,Officer B,data_generator,2024-01-09
CMP-00020,2023-10-28,2023-24,ST-014,-31.91887,115.83126,Suspected breeding site,Resident-reported mosquito nuisance (sample description).,Closed,Referred to property owner,Officer A,data_generator,2023-10-28
CMP-00021,2024-05-13,2023-24,ST-019,-31.9352,115.84546,Swarming/adult numbers,Resident-reported mosquito nuisance (sample description).,Closed,No breeding found,Officer D,data_generator,2024-05-13
CMP-00022,2024-05-10,2023-24,ST-003,-31.91968,115.83479,Swarming/adult numbers,Resident-reported mosquito nuisance (sample description).,Closed,No breeding found,Officer D,data_generator,2024-05-10
CMP-00023,2024-04-29,2023-24,,-31.93189,115.85887,Swarming/adult numbers,Resident-reported mosquito nuisance (sample description).,Closed,Referred to property owner,Officer F,data_generator,2024-04-29
CMP-00024,2024-03-01,2023-24,,-31.93284,115.86603,General enquiry,Resident-reported mosquito nuisance (sample description).,Closed,No breeding found,Officer E,data_generator,2024-03-01
CMP-00025,2023-12-28,2023-24,ST-005,-31.93279,115.85074,Biting nuisance,Resident-reported mosquito nuisance (sample description).,Closed,No breeding found,Officer F,data_generator,2023-12-28
CMP-00026,2024-01-28,2023-24,ST-020,-31.94567,115.87133,Standing water on property,Resident-reported mosquito nuisance (sample description).,Closed,Referred to property owner,Officer E,data_generator,2024-01-28
CMP-00027,2024-03-28,2023-24,,-31.92401,115.85485,Suspected breeding site,Resident-reported mosquito nuisance (sample description).,Closed,Referred to property owner,Officer B,data_generator,2024-03-28
CMP-00028,2023-11-08,2023-24,,-31.92968,115.83968,Standing water on property,Resident-reported mosquito nuisance (sample description).,Closed,Breeding site identified and treated,Officer F,data_generator,2023-11-08
CMP-00029,2023-12-26,2023-24,,-31.92783,115.84808,Swarming/adult numbers,Resident-reported mosquito nuisance (sample description).,Closed,Referred to property owner,Officer F,data_generator,2023-12-26
CMP-00030,2024-03-14,2023-24,ST-002,-31.94126,115.8562,Biting nuisance,Resident-reported mosquito nuisance (sample description).,Closed,No breeding found,Officer F,data_generator,2024-03-14
CMP-00031,2024-04-10,2023-24,ST-001,-31.93807,115.8624,Swarming/adult numbers,Resident-reported mosquito nuisance (sample description).,Closed,Breeding site identified and treated,Officer C,data_generator,2024-04-10
CMP-00032,2024-03-17,2023-24,ST-005,-31.93279,115.85074,General enquiry,Resident-reported mosquito nuisance (sample description).,Closed,Referred to property owner,Officer E,data_generator,2024-03-17
CMP-00033,2024-03-27,2023-24,,-31.94059,115.87838,Biting nuisance,Resident-reported mosquito nuisance (sample description).,Closed,Breeding site identified and treated,Officer C,data_generator,2024-03-27
CMP-00034,2023-10-05,2023-24,,-31.92575,115.83933,Swarming/adult numbers,Resident-reported mosquito nuisance (sample description).,Closed,Referred to property owner,Officer D,data_generator,2023-10-05
CMP-00035,2023-11-08,2023-24,,-31.93626,115.85246,Swarming/adult numbers,Resident-reported mosquito nuisance (sample description).,Closed,Breeding site identified and treated,Officer E,data_generator,2023-11-08
CMP-00036,2024-05-10,2023-24,ST-020,-31.94567,115.87133,Suspected breeding site,Resident-reported mosquito nuisance (sample description).,Closed,Breeding site identified and treated,Officer F,data_generator,2024-05-10
CMP-00037,2024-05-11,2023-24,ST-005,-31.93279,115.85074,General enquiry,Resident-reported mosquito nuisance (sample description).,Closed,Referred to property owner,Officer B,data_generator,2024-05-11
CMP-00038,2023-10-12,2023-24,ST-006,-31.94286,115.86585,Suspected breeding site,Resident-reported mosquito nuisance (sample description).,Closed,Referred to property owner,Officer E,data_generator,2023-10-12
CMP-00039,2023-10-03,2023-24,ST-014,-31.91887,115.83126,Swarming/adult numbers,Resident-reported mosquito nuisance (sample description).,Closed,Referred to property owner,Officer B,data_generator,2023-10-03
CMP-00040,2023-11-06,2023-24,ST-003,-31.91968,115.83479,Standing water on property,Resident-reported mosquito nuisance (sample description).,Closed,Referred to property owner,Officer D,data_generator,2023-11-06
CMP-00041,2024-04-01,2023-24,ST-020,-31.94567,115.87133,Biting nuisance,Resident-reported mosquito nuisance (sample description).,Closed,Referred to property owner,Officer B,data_generator,2024-04-01
CMP-00042,2024-01-18,2023-24,ST-006,-31.94286,115.86585,Swarming/adult numbers,Resident-reported mosquito nuisance (sample description).,Closed,No breeding found,Officer C,data_generator,2024-01-18
CMP-00043,2023-11-04,2023-24,ST-007,-31.9317,115.83744,Swarming/adult numbers,Resident-reported mosquito nuisance (sample description).,Closed,No breeding found,Officer A,data_generator,2023-11-04
CMP-00044,2024-02-02,2023-24,ST-008,-31.92832,115.83631,Swarming/adult numbers,Resident-reported mosquito nuisance (sample description).,Closed,Breeding site identified and treated,Officer F,data_generator,2024-02-02
CMP-00045,2023-12-14,2023-24,ST-003,-31.91968,115.83479,Suspected breeding site,Resident-reported mosquito nuisance (sample description).,Closed,Breeding site identified and treated,Officer D,data_generator,2023-12-14
CMP-00046,2023-11-11,2023-24,ST-007,-31.9317,115.83744,Suspected breeding site,Resident-reported mosquito nuisance (sample description).,Closed,No breeding found,Officer D,data_generator,2023-11-11
CMP-00047,2024-05-13,2023-24,,-31.91641,115.83844,Standing water on property,Resident-reported mosquito nuisance (sample description).,Closed,Referred to property owner,Officer D,data_generator,2024-05-13
CMP-00048,2024-03-11,2023-24,,-31.93967,115.86799,Swarming/adult numbers,Resident-reported mosquito nuisance (sample description).,Closed,No breeding found,Officer F,data_generator,2024-03-11
CMP-00049,2023-12-26,2023-24,,-31.9189,115.8468,Swarming/adult numbers,Resident-reported mosquito nuisance (sample description).,Closed,Referred to property owner,Officer A,data_generator,2023-12-26
CMP-00050,2024-02-19,2023-24,ST-006,-31.94286,115.86585,Biting nuisance,Resident-reported mosquito nuisance (sample description).,Closed,Breeding site identified and treated,Officer C,data_generator,2024-02-19
CMP-00051,2023-12-25,2023-24,ST-001,-31.93807,115.8624,General enquiry,Resident-reported mosquito nuisance (sample description).,Closed,Breeding site identified and treated,Officer C,data_generator,2023-12-25
CMP-00052,2024-05-14,2023-24,ST-003,-31.91968,115.83479,Standing water on property,Resident-reported mosquito nuisance (sample description).,Closed,Breeding site identified and treated,Officer D,data_generator,2024-05-14
CMP-00053,2024-02-27,2023-24,,-31.93053,115.86661,General enquiry,Resident-reported mosquito nuisance (sample description).,Closed,Breeding site identified and treated,Officer B,data_generator,2024-02-27
CMP-00054,2024-02-25,2023-24,ST-020,-31.94567,115.87133,Standing water on property,Resident-reported mosquito nuisance (sample description).,Closed,No breeding found,Officer C,data_generator,2024-02-25
CMP-00055,2024-05-16,2023-24,,-31.9406,115.85506,Standing water on property,Resident-reported mosquito nuisance (sample description).,Closed,Referred to property owner,Officer E,data_generator,2024-05-16
CMP-00056,2024-01-07,2023-24,,-31.94598,115.86865,Suspected breeding site,Resident-reported mosquito nuisance (sample description).,Closed,Breeding site identified and treated,Officer F,data_generator,2024-01-07
CMP-00057,2023-10-27,2023-24,ST-020,-31.94567,115.87133,Swarming/adult numbers,Resident-reported mosquito nuisance (sample description).,Closed,No breeding found,Officer C,data_generator,2023-10-27
CMP-00058,2024-03-22,2023-24,ST-019,-31.9352,115.84546,Suspected breeding site,Resident-reported mosquito nuisance (sample description).,Closed,No breeding found,Officer A,data_generator,2024-03-22
CMP-00059,2023-11-14,2023-24,ST-007,-31.9317,115.83744,Swarming/adult numbers,Resident-reported mosquito nuisance (sample description).,Closed,Breeding site identified and treated,Officer B,data_generator,2023-11-14
CMP-00060,2024-04-24,2023-24,ST-002,-31.94126,115.8562,Swarming/adult numbers,Resident-reported mosquito nuisance (sample description).,Closed,Breeding site identified and treated,Officer E,data_generator,2024-04-24
CMP-00061,2023-12-22,2023-24,ST-008,-31.92832,115.83631,Biting nuisance,Resident-reported mosquito nuisance (sample description).,Closed,Breeding site identified and treated,Officer D,data_generator,2023-12-22
CMP-00062,2023-10-04,2023-24,,-31.92871,115.86303,Swarming/adult numbers,Resident-reported mosquito nuisance (sample description).,Closed,No breeding found,Officer C,data_generator,2023-10-04
CMP-00063,2024-03-19,2023-24,,-31.91793,115.82685,Standing water on property,Resident-reported mosquito nuisance (sample description).,Closed,Breeding site identified and treated,Officer B,data_generator,2024-03-19
CMP-00064,2024-04-10,2023-24,ST-001,-31.93807,115.8624,Biting nuisance,Resident-reported mosquito nuisance (sample description).,Closed,Referred to property owner,Officer E,data_generator,2024-04-10
CMP-00065,2023-12-19,2023-24,ST-005,-31.93279,115.85074,Standing water on property,Resident-reported mosquito nuisance (sample description).,Closed,No breeding found,Officer E,data_generator,2023-12-19
CMP-00066,2024-04-16,2023-24,ST-005,-31.93279,115.85074,Swarming/adult numbers,Resident-reported mosquito nuisance (sample description).,Closed,Referred to property owner,Officer D,data_generator,2024-04-16
CMP-00067,2023-10-23,2023-24,ST-014,-31.91887,115.83126,Swarming/adult numbers,Resident-reported mosquito nuisance (sample description).,Closed,No breeding found,Officer F,data_generator,2023-10-23
CMP-00068,2024-05-10,2023-24,ST-005,-31.93279,115.85074,Standing water on property,Resident-reported mosquito nuisance (sample description).,Closed,Breeding site identified and treated,Officer F,data_generator,2024-05-10
CMP-00069,2024-03-02,2023-24,ST-003,-31.91968,115.83479,Swarming/adult numbers,Resident-reported mosquito nuisance (sample description).,Closed,Breeding site identified and treated,Officer F,data_generator,2024-03-02
CMP-00070,2023-12-31,2023-24,ST-005,-31.93279,115.85074,General enquiry,Resident-reported mosquito nuisance (sample description).,Closed,Breeding site identified and treated,Officer E,data_generator,2023-12-31
CMP-00071,2023-11-30,2023-24,ST-019,-31.9352,115.84546,Standing water on property,Resident-reported mosquito nuisance (sample description).,Closed,Referred to property owner,Officer B,data_generator,2023-11-30
CMP-00072,2023-11-02,2023-24,,-31.92391,115.83896,Standing water on property,Resident-reported mosquito nuisance (sample description).,Closed,Referred to property owner,Officer F,data_generator,2023-11-02
CMP-00073,2024-01-24,2023-24,ST-006,-31.94286,115.86585,General enquiry,Resident-reported mosquito nuisance (sample description).,Closed,No breeding found,Officer C,data_generator,2024-01-24
CMP-00074,2023-11-29,2023-24,ST-008,-31.92832,115.83631,Suspected breeding site,Resident-reported mosquito nuisance (sample description).,Closed,Breeding site identified and treated,Officer D,data_generator,2023-11-29
CMP-00075,2024-03-14,2023-24,ST-008,-31.92832,115.83631,Suspected breeding site,Resident-reported mosquito nuisance (sample description).,Closed,Referred to property owner,Officer F,data_generator,2024-03-14
CMP-00076,2024-03-06,2023-24,ST-002,-31.94126,115.8562,Suspected breeding site,Resident-reported mosquito nuisance (sample description).,Closed,Breeding site identified and treated,Officer A,data_generator,2024-03-06
CMP-00077,2024-05-03,2023-24,ST-002,-31.94126,115.8562,General enquiry,Resident-reported mosquito nuisance (sample description).,Closed,Breeding site identified and treated,Officer B,data_generator,2024-05-03
CMP-00078,2023-12-17,2023-24,,-31.93348,115.85268,Swarming/adult numbers,Resident-reported mosquito nuisance (sample description).,Closed,Referred to property owner,Officer A,data_generator,2023-12-17
CMP-00079,2023-11-16,2023-24,,-31.93969,115.85148,General enquiry,Resident-reported mosquito nuisance (sample description).,Closed,Referred to property owner,Officer C,data_generator,2023-11-16
CMP-00080,2024-01-25,2023-24,,-31.94133,115.85773,Biting nuisance,Resident-reported mosquito nuisance (sample description).,Closed,No breeding found,Officer D,data_generator,2024-01-25
CMP-00081,2024-01-25,2023-24,ST-007,-31.9317,115.83744,Swarming/adult numbers,Resident-reported mosquito nuisance (sample description).,Closed,Breeding site identified and treated,Officer F,data_generator,2024-01-25
CMP-00082,2024-01-29,2023-24,ST-019,-31.9352,115.84546,Suspected breeding site,Resident-reported mosquito nuisance (sample description).,Closed,Breeding site identified and treated,Officer D,data_generator,2024-01-29
CMP-00083,2024-01-13,2023-24,ST-014,-31.91887,115.83126,Standing water on property,Resident-reported mosquito nuisance (sample description).,Closed,Referred to property owner,Officer F,data_generator,2024-01-13
CMP-00084,2023-12-15,2023-24,ST-002,-31.94126,115.8562,Standing water on property,Resident-reported mosquito nuisance (sample description).,Closed,Breeding site identified and treated,Officer F,data_generator,2023-12-15
CMP-00085,2024-02-29,2023-24,,-31.93354,115.86199,Standing water on property,Resident-reported mosquito nuisance (sample description).,Closed,Referred to property owner,Officer C,data_generator,2024-02-29
CMP-00086,2023-10-06,2023-24,ST-019,-31.9352,115.84546,Biting nuisance,Resident-reported mosquito nuisance (sample description).,Closed,No breeding found,Officer B,data_generator,2023-10-06
CMP-00087,2024-01-12,2023-24,ST-008,-31.92832,115.83631,Biting nuisance,Resident-reported mosquito nuisance (sample description).,Closed,No breeding found,Officer B,data_generator,2024-01-12
CMP-00088,2023-11-04,2023-24,ST-005,-31.93279,115.85074,Standing water on property,Resident-reported mosquito nuisance (sample description).,Closed,Referred to property owner,Officer D,data_generator,2023-11-04
CMP-00089,2024-02-09,2023-24,,-31.94624,115.87263,Standing water on property,Resident-reported mosquito nuisance (sample description).,Closed,Referred to property owner,Officer A,data_generator,2024-02-09
CMP-00090,2023-10-04,2023-24,ST-020,-31.94567,115.87133,Standing water on property,Resident-reported mosquito nuisance (sample description).,Closed,Breeding site identified and treated,Officer B,data_generator,2023-10-04
CMP-00091,2023-12-10,2023-24,ST-002,-31.94126,115.8562,Swarming/adult numbers,Resident-reported mosquito nuisance (sample description).,Closed,No breeding found,Officer E,data_generator,2023-12-10
CMP-00092,2023-10-03,2023-24,ST-008,-31.92832,115.83631,Biting nuisance,Resident-reported mosquito nuisance (sample description).,Closed,Breeding site identified and treated,Officer D,data_generator,2023-10-03
CMP-00093,2023-10-22,2023-24,ST-001,-31.93807,115.8624,Biting nuisance,Resident-reported mosquito nuisance (sample description).,Closed,Referred to property owner,Officer B,data_generator,2023-10-22
CMP-00094,2023-10-05,2023-24,ST-002,-31.94126,115.8562,Standing water on property,Resident-reported mosquito nuisance (sample description).,Closed,Breeding site identified and treated,Officer F,data_generator,2023-10-05
CMP-00095,2024-01-25,2023-24,ST-019,-31.9352,115.84546,Swarming/adult numbers,Resident-reported mosquito nuisance (sample description).,Closed,Referred to property owner,Officer B,data_generator,2024-01-25
CMP-00096,2024-05-03,2023-24,ST-006,-31.94286,115.86585,Swarming/adult numbers,Resident-reported mosquito nuisance (sample description).,Closed,Referred to property owner,Officer A,data_generator,2024-05-03
CMP-00097,2023-12-04,2023-24,,-31.93832,115.86527,Suspected breeding site,Resident-reported mosquito nuisance (sample description).,Closed,Referred to property owner,Officer D,data_generator,2023-12-04
CMP-00098,2023-10-06,2023-24,ST-006,-31.94286,115.86585,Suspected breeding site,Resident-reported mosquito nuisance (sample description).,Closed,Referred to property owner,Officer B,data_generator,2023-10-06
CMP-00099,2024-01-04,2023-24,ST-002,-31.94126,115.8562,Suspected breeding site,Resident-reported mosquito nuisance (sample description).,Closed,Referred to property owner,Officer C,data_generator,2024-01-04
CMP-00100,2024-05-09,2023-24,ST-007,-31.9317,115.83744,Suspected breeding site,Resident-reported mosquito nuisance (sample description).,Closed,Breeding site identified and treated,Officer E,data_generator,2024-05-09
CMP-00101,2024-01-04,2023-24,ST-020,-31.94567,115.87133,Swarming/adult numbers,Resident-reported mosquito nuisance (sample description).,Closed,Breeding site identified and treated,Officer E,data_generator,2024-01-04
CMP-00102,2023-12-07,2023-24,ST-019,-31.9352,115.84546,Suspected breeding site,Resident-reported mosquito nuisance (sample description).,Closed,Breeding site identified and treated,Officer B,data_generator,2023-12-07
CMP-00103,2023-10-15,2023-24,,-31.93341,115.85451,Standing water on property,Resident-reported mosquito nuisance (sample description).,Closed,Referred to property owner,Officer E,data_generator,2023-10-15
CMP-00104,2024-04-02,2023-24,,-31.93797,115.84641,Biting nuisance,Resident-reported mosquito nuisance (sample description).,Closed,Referred to property owner,Officer D,data_generator,2024-04-02
CMP-00105,2024-02-19,2023-24,ST-020,-31.94567,115.87133,Suspected breeding site,Resident-reported mosquito nuisance (sample description).,Closed,Breeding site identified and treated,Officer E,data_generator,2024-02-19
CMP-00106,2024-05-25,2023-24,ST-020,-31.94567,115.87133,General enquiry,Resident-reported mosquito nuisance (sample description).,Closed,No breeding found,Officer C,data_generator,2024-05-25
CMP-00107,2024-01-07,2023-24,,-31.93606,115.85377,Biting nuisance,Resident-reported mosquito nuisance (sample description).,Closed,Referred to property owner,Officer B,data_generator,2024-01-07
CMP-00108,2024-04-05,2023-24,ST-002,-31.94126,115.8562,General enquiry,Resident-reported mosquito nuisance (sample description).,Closed,Referred to property owner,Officer C,data_generator,2024-04-05
CMP-00109,2024-04-25,2023-24,ST-005,-31.93279,115.85074,Standing water on property,Resident-reported mosquito nuisance (sample description).,Closed,No breeding found,Officer A,data_generator,2024-04-25
CMP-00110,2023-12-22,2023-24,ST-003,-31.91968,115.83479,Suspected breeding site,Resident-reported mosquito nuisance (sample description).,Closed,Breeding site identified and treated,Officer B,data_generator,2023-12-22
CMP-00111,2024-04-05,2023-24,ST-002,-31.94126,115.8562,Biting nuisance,Resident-reported mosquito nuisance (sample description).,Closed,No breeding found,Officer A,data_generator,2024-04-05
CMP-00112,2024-05-23,2023-24,,-31.94048,115.86157,Standing water on property,Resident-reported mosquito nuisance (sample description).,Closed,Referred to property owner,Officer B,data_generator,2024-05-23
CMP-00113,2024-01-06,2023-24,ST-020,-31.94567,115.87133,Biting nuisance,Resident-reported mosquito nuisance (sample description).,Closed,No breeding found,Officer D,data_generator,2024-01-06
CMP-00114,2023-12-24,2023-24,,-31.93752,115.86807,General enquiry,Resident-reported mosquito nuisance (sample description).,Closed,No breeding found,Officer D,data_generator,2023-12-24
CMP-00115,2024-04-09,2023-24,ST-002,-31.94126,115.8562,Biting nuisance,Resident-reported mosquito nuisance (sample description).,Closed,Breeding site identified and treated,Officer D,data_generator,2024-04-09
CMP-00116,2023-11-19,2023-24,,-31.93505,115.86722,Swarming/adult numbers,Resident-reported mosquito nuisance (sample description).,Closed,No breeding found,Officer A,data_generator,2023-11-19
CMP-00117,2023-12-21,2023-24,ST-014,-31.91887,115.83126,Swarming/adult numbers,Resident-reported mosquito nuisance (sample description).,Closed,Breeding site identified and treated,Officer B,data_generator,2023-12-21
CMP-00118,2023-11-23,2023-24,ST-014,-31.91887,115.83126,General enquiry,Resident-reported mosquito nuisance (sample description).,Closed,Referred to property owner,Officer C,data_generator,2023-11-23
CMP-00119,2023-10-21,2023-24,ST-001,-31.93807,115.8624,Suspected breeding site,Resident-reported mosquito nuisance (sample description).,Closed,No breeding found,Officer C,data_generator,2023-10-21
CMP-00120,2023-12-08,2023-24,ST-001,-31.93807,115.8624,Suspected breeding site,Resident-reported mosquito nuisance (sample description).,Closed,Breeding site identified and treated,Officer E,data_generator,2023-12-08
CMP-00121,2024-02-14,2023-24,,-31.93396,115.85839,Biting nuisance,Resident-reported mosquito nuisance (sample description).,Closed,Breeding site identified and treated,Officer A,data_generator,2024-02-14
CMP-00122,2023-11-25,2023-24,ST-007,-31.9317,115.83744,Biting nuisance,Resident-reported mosquito nuisance (sample description).,Closed,Referred to property owner,Officer B,data_generator,2023-11-25
CMP-00123,2024-03-24,2023-24,ST-003,-31.91968,115.83479,General enquiry,Resident-reported mosquito nuisance (sample description).,Closed,No breeding found,Officer F,data_generator,2024-03-24
CMP-00124,2024-03-07,2023-24,ST-014,-31.91887,115.83126,General enquiry,Resident-reported mosquito nuisance (sample description).,Closed,Referred to property owner,Officer F,data_generator,2024-03-07
CMP-00125,2024-03-26,2023-24,ST-007,-31.9317,115.83744,Standing water on property,Resident-reported mosquito nuisance (sample description).,Closed,No breeding found,Officer E,data_generator,2024-03-26
CMP-00126,2024-02-25,2023-24,ST-008,-31.92832,115.83631,Standing water on property,Resident-reported mosquito nuisance (sample description).,Closed,Breeding site identified and treated,Officer B,data_generator,2024-02-25
CMP-00127,2024-05-25,2023-24,ST-002,-31.94126,115.8562,Swarming/adult numbers,Resident-reported mosquito nuisance (sample description).,Closed,No breeding found,Officer A,data_generator,2024-05-25
CMP-00128,2023-10-31,2023-24,,-31.92463,115.85589,General enquiry,Resident-reported mosquito nuisance (sample description).,Closed,No breeding found,Officer A,data_generator,2023-10-31
CMP-00129,2025-04-10,2024-25,ST-001,-31.93807,115.8624,Suspected breeding site,Resident-reported mosquito nuisance (sample description).,Closed,Breeding site identified and treated,Officer C,data_generator,2025-04-10
CMP-00130,2024-11-23,2024-25,ST-014,-31.91887,115.83126,Suspected breeding site,Resident-reported mosquito nuisance (sample description).,Closed,Referred to property owner,Officer A,data_generator,2024-11-23
CMP-00131,2024-12-14,2024-25,,-31.92364,115.83812,General enquiry,Resident-reported mosquito nuisance (sample description).,Closed,Breeding site identified and treated,Officer B,data_generator,2024-12-14
CMP-00132,2025-03-18,2024-25,ST-002,-31.94126,115.8562,Standing water on property,Resident-reported mosquito nuisance (sample description).,Closed,No breeding found,Officer F,data_generator,2025-03-18
CMP-00133,2025-05-02,2024-25,ST-002,-31.94126,115.8562,General enquiry,Resident-reported mosquito nuisance (sample description).,Closed,No breeding found,Officer B,data_generator,2025-05-02
CMP-00134,2025-03-21,2024-25,ST-001,-31.93807,115.8624,Suspected breeding site,Resident-reported mosquito nuisance (sample description).,Closed,No breeding found,Officer D,data_generator,2025-03-21
CMP-00135,2025-05-21,2024-25,,-31.93253,115.8677,Swarming/adult numbers,Resident-reported mosquito nuisance (sample description).,Closed,No breeding found,Officer B,data_generator,2025-05-21
CMP-00136,2025-05-23,2024-25,ST-002,-31.94126,115.8562,Swarming/adult numbers,Resident-reported mosquito nuisance (sample description).,Closed,Referred to property owner,Officer B,data_generator,2025-05-23
CMP-00137,2024-12-26,2024-25,ST-005,-31.93279,115.85074,Suspected breeding site,Resident-reported mosquito nuisance (sample description).,Closed,Breeding site identified and treated,Officer C,data_generator,2024-12-26
CMP-00138,2025-03-11,2024-25,ST-014,-31.91887,115.83126,Swarming/adult numbers,Resident-reported mosquito nuisance (sample description).,Closed,Breeding site identified and treated,Officer F,data_generator,2025-03-11
CMP-00139,2024-11-11,2024-25,ST-005,-31.93279,115.85074,Suspected breeding site,Resident-reported mosquito nuisance (sample description).,Closed,Referred to property owner,Officer E,data_generator,2024-11-11
CMP-00140,2025-05-04,2024-25,ST-008,-31.92832,115.83631,General enquiry,Resident-reported mosquito nuisance (sample description).,Closed,Referred to property owner,Officer B,data_generator,2025-05-04
CMP-00141,2025-02-13,2024-25,ST-003,-31.91968,115.83479,General enquiry,Resident-reported mosquito nuisance (sample description).,Closed,Referred to property owner,Officer B,data_generator,2025-02-13
CMP-00142,2025-04-02,2024-25,,-31.92207,115.84017,Standing water on property,Resident-reported mosquito nuisance (sample description).,Closed,Referred to property owner,Officer B,data_generator,2025-04-02
CMP-00143,2025-05-27,2024-25,ST-002,-31.94126,115.8562,General enquiry,Resident-reported mosquito nuisance (sample description).,Closed,No breeding found,Officer A,data_generator,2025-05-27
CMP-00144,2024-10-02,2024-25,ST-007,-31.9317,115.83744,Biting nuisance,Resident-reported mosquito nuisance (sample description).,Closed,No breeding found,Officer B,data_generator,2024-10-02
CMP-00145,2025-04-03,2024-25,ST-006,-31.94286,115.86585,Standing water on property,Resident-reported mosquito nuisance (sample description).,Closed,Referred to property owner,Officer A,data_generator,2025-04-03
CMP-00146,2025-04-21,2024-25,,-31.91855,115.84744,Suspected breeding site,Resident-reported mosquito nuisance (sample description).,Closed,Referred to property owner,Officer C,data_generator,2025-04-21
CMP-00147,2025-03-29,2024-25,,-31.93068,115.86034,Biting nuisance,Resident-reported mosquito nuisance (sample description).,Closed,Referred to property owner,Officer E,data_generator,2025-03-29
CMP-00148,2025-01-18,2024-25,,-31.94099,115.86778,General enquiry,Resident-reported mosquito nuisance (sample description).,Closed,Referred to property owner,Officer D,data_generator,2025-01-18
CMP-00149,2025-01-01,2024-25,ST-001,-31.93807,115.8624,Biting nuisance,Resident-reported mosquito nuisance (sample description).,Closed,No breeding found,Officer D,data_generator,2025-01-01
CMP-00150,2025-02-01,2024-25,,-31.93233,115.84408,General enquiry,Resident-reported mosquito nuisance (sample description).,Closed,Breeding site identified and treated,Officer A,data_generator,2025-02-01
CMP-00151,2024-11-21,2024-25,ST-001,-31.93807,115.8624,Biting nuisance,Resident-reported mosquito nuisance (sample description).,Closed,No breeding found,Officer D,data_generator,2024-11-21
CMP-00152,2025-02-26,2024-25,,-31.92715,115.83343,Biting nuisance,Resident-reported mosquito nuisance (sample description).,Closed,No breeding found,Officer E,data_generator,2025-02-26
CMP-00153,2025-03-28,2024-25,,-31.915,115.83753,General enquiry,Resident-reported mosquito nuisance (sample description).,Closed,Referred to property owner,Officer A,data_generator,2025-03-28
CMP-00154,2025-01-01,2024-25,ST-019,-31.9352,115.84546,Suspected breeding site,Resident-reported mosquito nuisance (sample description).,Closed,Breeding site identified and treated,Officer B,data_generator,2025-01-01
CMP-00155,2025-05-26,2024-25,ST-007,-31.9317,115.83744,Suspected breeding site,Resident-reported mosquito nuisance (sample description).,Closed,Breeding site identified and treated,Officer F,data_generator,2025-05-26
CMP-00156,2025-01-12,2024-25,ST-002,-31.94126,115.8562,Swarming/adult numbers,Resident-reported mosquito nuisance (sample description).,Closed,No breeding found,Officer F,data_generator,2025-01-12
CMP-00157,2025-05-04,2024-25,ST-014,-31.91887,115.83126,Swarming/adult numbers,Resident-reported mosquito nuisance (sample description).,Closed,Breeding site identified and treated,Officer C,data_generator,2025-05-04
CMP-00158,2024-11-11,2024-25,ST-002,-31.94126,115.8562,Swarming/adult numbers,Resident-reported mosquito nuisance (sample description).,Closed,No breeding found,Officer A,data_generator,2024-11-11
CMP-00159,2025-01-01,2024-25,,-31.92419,115.84966,Swarming/adult numbers,Resident-reported mosquito nuisance (sample description).,Closed,No breeding found,Officer D,data_generator,2025-01-01
CMP-00160,2025-04-08,2024-25,ST-020,-31.94567,115.87133,Swarming/adult numbers,Resident-reported mosquito nuisance (sample description).,Closed,Breeding site identified and treated,Officer B,data_generator,2025-04-08
CMP-00161,2025-04-11,2024-25,ST-005,-31.93279,115.85074,Swarming/adult numbers,Resident-reported mosquito nuisance (sample description).,Closed,Breeding site identified and treated,Officer F,data_generator,2025-04-11
CMP-00162,2025-01-05,2024-25,,-31.94227,115.87255,Biting nuisance,Resident-reported mosquito nuisance (sample description).,Closed,Referred to property owner,Officer D,data_generator,2025-01-05
CMP-00163,2025-03-26,2024-25,,-31.93244,115.84351,Standing water on property,Resident-reported mosquito nuisance (sample description).,Closed,Referred to property owner,Officer D,data_generator,2025-03-26
CMP-00164,2025-02-07,2024-25,,-31.94027,115.86516,General enquiry,Resident-reported mosquito nuisance (sample description).,Closed,Breeding site identified and treated,Officer C,data_generator,2025-02-07
CMP-00165,2024-12-08,2024-25,ST-008,-31.92832,115.83631,Standing water on property,Resident-reported mosquito nuisance (sample description).,Closed,No breeding found,Officer F,data_generator,2024-12-08
CMP-00166,2024-12-22,2024-25,ST-006,-31.94286,115.86585,Suspected breeding site,Resident-reported mosquito nuisance (sample description).,Closed,Referred to property owner,Officer A,data_generator,2024-12-22
CMP-00167,2025-04-11,2024-25,ST-020,-31.94567,115.87133,General enquiry,Resident-reported mosquito nuisance (sample description).,Closed,Breeding site identified and treated,Officer F,data_generator,2025-04-11
CMP-00168,2025-02-15,2024-25,ST-019,-31.9352,115.84546,Biting nuisance,Resident-reported mosquito nuisance (sample description).,Closed,Referred to property owner,Officer F,data_generator,2025-02-15
CMP-00169,2025-02-14,2024-25,,-31.94148,115.86603,Suspected breeding site,Resident-reported mosquito nuisance (sample description).,Closed,No breeding found,Officer D,data_generator,2025-02-14
CMP-00170,2025-04-03,2024-25,ST-019,-31.9352,115.84546,Swarming/adult numbers,Resident-reported mosquito nuisance (sample description).,Closed,Referred to property owner,Officer D,data_generator,2025-04-03
CMP-00171,2025-04-29,2024-25,ST-007,-31.9317,115.83744,General enquiry,Resident-reported mosquito nuisance (sample description).,Closed,Referred to property owner,Officer B,data_generator,2025-04-29
CMP-00172,2025-04-12,2024-25,,-31.9335,115.84204,Suspected breeding site,Resident-reported mosquito nuisance (sample description).,Closed,Breeding site identified and treated,Officer D,data_generator,2025-04-12
CMP-00173,2025-05-15,2024-25,ST-014,-31.91887,115.83126,Biting nuisance,Resident-reported mosquito nuisance (sample description).,Closed,No breeding found,Officer C,data_generator,2025-05-15
CMP-00174,2025-03-13,2024-25,ST-001,-31.93807,115.8624,Swarming/adult numbers,Resident-reported mosquito nuisance (sample description).,Closed,No breeding found,Officer E,data_generator,2025-03-13
CMP-00175,2025-04-13,2024-25,ST-014,-31.91887,115.83126,Swarming/adult numbers,Resident-reported mosquito nuisance (sample description).,Closed,Referred to property owner,Officer B,data_generator,2025-04-13
CMP-00176,2025-04-04,2024-25,ST-005,-31.93279,115.85074,General enquiry,Resident-reported mosquito nuisance (sample description).,Closed,Breeding site identified and treated,Officer E,data_generator,2025-04-04
CMP-00177,2024-11-05,2024-25,,-31.92322,115.85784,Swarming/adult numbers,Resident-reported mosquito nuisance (sample description).,Closed,No breeding found,Officer F,data_generator,2024-11-05
CMP-00178,2025-04-22,2024-25,,-31.92858,115.83339,Suspected breeding site,Resident-reported mosquito nuisance (sample description).,Closed,Breeding site identified and treated,Officer C,data_generator,2025-04-22
CMP-00179,2024-11-11,2024-25,,-31.94268,115.86776,Suspected breeding site,Resident-reported mosquito nuisance (sample description).,Closed,Breeding site identified and treated,Officer D,data_generator,2024-11-11
CMP-00180,2025-01-21,2024-25,ST-002,-31.94126,115.8562,Swarming/adult numbers,Resident-reported mosquito nuisance (sample description).,Closed,Breeding site identified and treated,Officer A,data_generator,2025-01-21
CMP-00181,2025-03-27,2024-25,ST-006,-31.94286,115.86585,Swarming/adult numbers,Resident-reported mosquito nuisance (sample description).,Closed,No breeding found,Officer A,data_generator,2025-03-27
CMP-00182,2024-12-27,2024-25,,-31.93804,115.88048,Biting nuisance,Resident-reported mosquito nuisance (sample description).,Closed,Breeding site identified and treated,Officer B,data_generator,2024-12-27
CMP-00183,2025-04-22,2024-25,,-31.94037,115.84815,Suspected breeding site,Resident-reported mosquito nuisance (sample description).,Closed,Breeding site identified and treated,Officer B,data_generator,2025-04-22
CMP-00184,2024-12-13,2024-25,,-31.94,115.85586,Biting nuisance,Resident-reported mosquito nuisance (sample description).,Closed,Referred to property owner,Officer D,data_generator,2024-12-13
CMP-00185,2024-10-16,2024-25,,-31.93626,115.86618,Suspected breeding site,Resident-reported mosquito nuisance (sample description).,Closed,Breeding site identified and treated,Officer C,data_generator,2024-10-16
CMP-00186,2025-05-01,2024-25,,-31.93524,115.86083,Biting nuisance,Resident-reported mosquito nuisance (sample description).,Closed,Breeding site identified and treated,Officer D,data_generator,2025-05-01
CMP-00187,2024-10-12,2024-25,ST-002,-31.94126,115.8562,Swarming/adult numbers,Resident-reported mosquito nuisance (sample description).,Closed,Breeding site identified and treated,Officer D,data_generator,2024-10-12
CMP-00188,2025-02-02,2024-25,,-31.92804,115.86408,Suspected breeding site,Resident-reported mosquito nuisance (sample description).,Closed,Referred to property owner,Officer F,data_generator,2025-02-02
CMP-00189,2024-10-17,2024-25,,-31.93984,115.86762,Biting nuisance,Resident-reported mosquito nuisance (sample description).,Closed,No breeding found,Officer B,data_generator,2024-10-17
CMP-00190,2024-11-21,2024-25,ST-014,-31.91887,115.83126,Suspected breeding site,Resident-reported mosquito nuisance (sample description).,Closed,Referred to property owner,Officer A,data_generator,2024-11-21
CMP-00191,2025-02-01,2024-25,ST-003,-31.91968,115.83479,Standing water on property,Resident-reported mosquito nuisance (sample description).,Closed,No breeding found,Officer B,data_generator,2025-02-01
CMP-00192,2024-12-17,2024-25,ST-005,-31.93279,115.85074,General enquiry,Resident-reported mosquito nuisance (sample description).,Closed,Referred to property owner,Officer B,data_generator,2024-12-17
CMP-00193,2024-10-24,2024-25,ST-020,-31.94567,115.87133,Standing water on property,Resident-reported mosquito nuisance (sample description).,Closed,Breeding site identified and treated,Officer E,data_generator,2024-10-24
CMP-00194,2025-02-24,2024-25,,-31.92715,115.84578,General enquiry,Resident-reported mosquito nuisance (sample description).,Closed,Breeding site identified and treated,Officer C,data_generator,2025-02-24
CMP-00195,2025-04-23,2024-25,ST-014,-31.91887,115.83126,Swarming/adult numbers,Resident-reported mosquito nuisance (sample description).,Closed,Breeding site identified and treated,Officer E,data_generator,2025-04-23
CMP-00196,2025-03-12,2024-25,ST-006,-31.94286,115.86585,Standing water on property,Resident-reported mosquito nuisance (sample description).,Closed,Referred to property owner,Officer A,data_generator,2025-03-12
CMP-00197,2025-05-01,2024-25,ST-006,-31.94286,115.86585,Standing water on property,Resident-reported mosquito nuisance (sample description).,Closed,Referred to property owner,Officer D,data_generator,2025-05-01
CMP-00198,2025-02-27,2024-25,ST-001,-31.93807,115.8624,Swarming/adult numbers,Resident-reported mosquito nuisance (sample description).,Closed,Referred to property owner,Officer C,data_generator,2025-02-27
CMP-00199,2025-02-25,2024-25,ST-002,-31.94126,115.8562,Biting nuisance,Resident-reported mosquito nuisance (sample description).,Closed,No breeding found,Officer C,data_generator,2025-02-25
CMP-00200,2025-01-04,2024-25,,-31.91782,115.82626,General enquiry,Resident-reported mosquito nuisance (sample description).,Closed,Breeding site identified and treated,Officer E,data_generator,2025-01-04
CMP-00201,2025-05-14,2024-25,ST-002,-31.94126,115.8562,Standing water on property,Resident-reported mosquito nuisance (sample description).,Closed,Breeding site identified and treated,Officer A,data_generator,2025-05-14
CMP-00202,2024-10-14,2024-25,ST-008,-31.92832,115.83631,Standing water on property,Resident-reported mosquito nuisance (sample description).,Closed,Breeding site identified and treated,Officer F,data_generator,2024-10-14
CMP-00203,2025-03-14,2024-25,,-31.92412,115.83799,Swarming/adult numbers,Resident-reported mosquito nuisance (sample description).,Closed,No breeding found,Officer E,data_generator,2025-03-14
CMP-00204,2024-10-20,2024-25,,-31.94669,115.86781,Swarming/adult numbers,Resident-reported mosquito nuisance (sample description).,Closed,Referred to property owner,Officer A,data_generator,2024-10-20
CMP-00205,2025-04-05,2024-25,,-31.91981,115.83971,Biting nuisance,Resident-reported mosquito nuisance (sample description).,Closed,Referred to property owner,Officer A,data_generator,2025-04-05
CMP-00206,2025-02-07,2024-25,,-31.94693,115.86584,Standing water on property,Resident-reported mosquito nuisance (sample description).,Closed,Breeding site identified and treated,Officer F,data_generator,2025-02-07
CMP-00207,2025-01-05,2024-25,ST-003,-31.91968,115.83479,Standing water on property,Resident-reported mosquito nuisance (sample description).,Closed,Breeding site identified and treated,Officer A,data_generator,2025-01-05
CMP-00208,2025-05-01,2024-25,ST-008,-31.92832,115.83631,Suspected breeding site,Resident-reported mosquito nuisance (sample description).,Closed,Referred to property owner,Officer C,data_generator,2025-05-01
CMP-00209,2024-10-08,2024-25,,-31.93967,115.84716,Biting nuisance,Resident-reported mosquito nuisance (sample description).,Closed,No breeding found,Officer C,data_generator,2024-10-08
CMP-00210,2025-03-24,2024-25,ST-002,-31.94126,115.8562,Suspected breeding site,Resident-reported mosquito nuisance (sample description).,Closed,No breeding found,Officer F,data_generator,2025-03-24
CMP-00211,2025-04-29,2024-25,,-31.93797,115.85163,Swarming/adult numbers,Resident-reported mosquito nuisance (sample description).,Closed,No breeding found,Officer E,data_generator,2025-04-29
CMP-00212,2024-10-09,2024-25,ST-007,-31.9317,115.83744,General enquiry,Resident-reported mosquito nuisance (sample description).,Closed,Referred to property owner,Officer E,data_generator,2024-10-09
CMP-00213,2025-02-09,2024-25,,-31.93978,115.84977,Swarming/adult numbers,Resident-reported mosquito nuisance (sample description).,Closed,Breeding site identified and treated,Officer C,data_generator,2025-02-09
CMP-00214,2025-02-19,2024-25,,-31.92599,115.84556,Swarming/adult numbers,Resident-reported mosquito nuisance (sample description).,Closed,Breeding site identified and treated,Officer C,data_generator,2025-02-19
CMP-00215,2025-05-14,2024-25,ST-006,-31.94286,115.86585,General enquiry,Resident-reported mosquito nuisance (sample description).,Closed,Breeding site identified and treated,Officer A,data_generator,2025-05-14
CMP-00216,2024-11-01,2024-25,,-31.93948,115.85712,Standing water on property,Resident-reported mosquito nuisance (sample description).,Closed,Referred to property owner,Officer B,data_generator,2024-11-01
CMP-00217,2024-10-14,2024-25,ST-003,-31.91968,115.83479,Suspected breeding site,Resident-reported mosquito nuisance (sample description).,Closed,No breeding found,Officer C,data_generator,2024-10-14
CMP-00218,2025-03-27,2024-25,ST-001,-31.93807,115.8624,Swarming/adult numbers,Resident-reported mosquito nuisance (sample description).,Closed,No breeding found,Officer A,data_generator,2025-03-27
CMP-00219,2024-10-09,2024-25,ST-002,-31.94126,115.8562,General enquiry,Resident-reported mosquito nuisance (sample description).,Closed,Referred to property owner,Officer D,data_generator,2024-10-09
CMP-00220,2024-10-29,2024-25,ST-001,-31.93807,115.8624,General enquiry,Resident-reported mosquito nuisance (sample description).,Closed,Referred to property owner,Officer B,data_generator,2024-10-29
CMP-00221,2024-11-04,2024-25,ST-008,-31.92832,115.83631,Standing water on property,Resident-reported mosquito nuisance (sample description).,Closed,Breeding site identified and treated,Officer C,data_generator,2024-11-04
CMP-00222,2025-03-24,2024-25,,-31.94313,115.87432,Standing water on property,Resident-reported mosquito nuisance (sample description).,Closed,No breeding found,Officer A,data_generator,2025-03-24
CMP-00223,2025-05-20,2024-25,,-31.9194,115.84165,Biting nuisance,Resident-reported mosquito nuisance (sample description).,Closed,Referred to property owner,Officer D,data_generator,2025-05-20
CMP-00224,2024-10-18,2024-25,ST-006,-31.94286,115.86585,Standing water on property,Resident-reported mosquito nuisance (sample description).,Closed,No breeding found,Officer A,data_generator,2024-10-18
CMP-00225,2024-10-20,2024-25,,-31.93712,115.84959,Suspected breeding site,Resident-reported mosquito nuisance (sample description).,Closed,Breeding site identified and treated,Officer D,data_generator,2024-10-20
CMP-00226,2024-12-31,2024-25,,-31.93019,115.85516,General enquiry,Resident-reported mosquito nuisance (sample description).,Closed,No breeding found,Officer A,data_generator,2024-12-31
CMP-00227,2025-05-21,2024-25,ST-006,-31.94286,115.86585,Suspected breeding site,Resident-reported mosquito nuisance (sample description).,Closed,Breeding site identified and treated,Officer B,data_generator,2025-05-21
CMP-00228,2025-04-15,2024-25,,-31.91805,115.83591,Standing water on property,Resident-reported mosquito nuisance (sample description).,Closed,Referred to property owner,Officer C,data_generator,2025-04-15
CMP-00229,2024-11-20,2024-25,ST-014,-31.91887,115.83126,Suspected breeding site,Resident-reported mosquito nuisance (sample description).,Closed,No breeding found,Officer A,data_generator,2024-11-20
CMP-00230,2024-12-08,2024-25,ST-014,-31.91887,115.83126,Standing water on property,Resident-reported mosquito nuisance (sample description).,Closed,Breeding site identified and treated,Officer B,data_generator,2024-12-08
CMP-00231,2025-03-17,2024-25,ST-007,-31.9317,115.83744,Swarming/adult numbers,Resident-reported mosquito nuisance (sample description).,Closed,Breeding site identified and treated,Officer F,data_generator,2025-03-17
CMP-00232,2025-05-13,2024-25,,-31.9417,115.84535,Suspected breeding site,Resident-reported mosquito nuisance (sample description).,Closed,Referred to property owner,Officer C,data_generator,2025-05-13
CMP-00233,2025-05-01,2024-25,,-31.94422,115.86752,Standing water on property,Resident-reported mosquito nuisance (sample description).,Closed,No breeding found,Officer E,data_generator,2025-05-01
CMP-00234,2025-03-08,2024-25,ST-019,-31.9352,115.84546,Swarming/adult numbers,Resident-reported mosquito nuisance (sample description).,Closed,Breeding site identified and treated,Officer C,data_generator,2025-03-08
CMP-00235,2024-12-22,2024-25,ST-001,-31.93807,115.8624,Standing water on property,Resident-reported mosquito nuisance (sample description).,Closed,No breeding found,Officer B,data_generator,2024-12-22
CMP-00236,2025-01-10,2024-25,ST-005,-31.93279,115.85074,General enquiry,Resident-reported mosquito nuisance (sample description).,Closed,No breeding found,Officer D,data_generator,2025-01-10
CMP-00237,2025-01-30,2024-25,,-31.92617,115.83015,Standing water on property,Resident-reported mosquito nuisance (sample description).,Closed,Breeding site identified and treated,Officer C,data_generator,2025-01-30
CMP-00238,2024-11-11,2024-25,ST-002,-31.94126,115.8562,Suspected breeding site,Resident-reported mosquito nuisance (sample description).,Closed,Referred to property owner,Officer D,data_generator,2024-11-11
CMP-00239,2025-05-19,2024-25,ST-003,-31.91968,115.83479,Swarming/adult numbers,Resident-reported mosquito nuisance (sample description).,Closed,No breeding found,Officer B,data_generator,2025-05-19
CMP-00240,2025-05-15,2024-25,ST-005,-31.93279,115.85074,Swarming/adult numbers,Resident-reported mosquito nuisance (sample description).,Closed,No breeding found,Officer F,data_generator,2025-05-15
CMP-00241,2025-04-15,2024-25,ST-005,-31.93279,115.85074,Suspected breeding site,Resident-reported mosquito nuisance (sample description).,Closed,Breeding site identified and treated,Officer C,data_generator,2025-04-15
CMP-00242,2025-01-17,2024-25,ST-001,-31.93807,115.8624,Suspected breeding site,Resident-reported mosquito nuisance (sample description).,Closed,No breeding found,Officer C,data_generator,2025-01-17
CMP-00243,2025-01-11,2024-25,,-31.92198,115.85732,Swarming/adult numbers,Resident-reported mosquito nuisance (sample description).,Closed,No breeding found,Officer A,data_generator,2025-01-11
CMP-00244,2025-04-10,2024-25,ST-006,-31.94286,115.86585,Biting nuisance,Resident-reported mosquito nuisance (sample description).,Closed,Breeding site identified and treated,Officer A,data_generator,2025-04-10
CMP-00245,2024-10-31,2024-25,,-31.91728,115.82982,Biting nuisance,Resident-reported mosquito nuisance (sample description).,Closed,Referred to property owner,Officer E,data_generator,2024-10-31
CMP-00246,2025-05-13,2024-25,ST-008,-31.92832,115.83631,Suspected breeding site,Resident-reported mosquito nuisance (sample description).,Closed,Breeding site identified and treated,Officer C,data_generator,2025-05-13
CMP-00247,2024-10-06,2024-25,ST-002,-31.94126,115.8562,Standing water on property,Resident-reported mosquito nuisance (sample description).,Closed,Breeding site identified and treated,Officer B,data_generator,2024-10-06
CMP-00248,2024-12-28,2024-25,ST-019,-31.9352,115.84546,Standing water on property,Resident-reported mosquito nuisance (sample description).,Closed,Referred to property owner,Officer C,data_generator,2024-12-28
CMP-00249,2025-05-22,2024-25,,-31.92868,115.86176,Biting nuisance,Resident-reported mosquito nuisance (sample description).,Closed,Breeding site identified and treated,Officer E,data_generator,2025-05-22
CMP-00250,2025-02-09,2024-25,ST-003,-31.91968,115.83479,Standing water on property,Resident-reported mosquito nuisance (sample description).,Closed,Breeding site identified and treated,Officer E,data_generator,2025-02-09
CMP-00251,2025-04-07,2024-25,,-31.93668,115.86493,Suspected breeding site,Resident-reported mosquito nuisance (sample description).,Closed,Breeding site identified and treated,Officer A,data_generator,2025-04-07
CMP-00252,2025-05-03,2024-25,ST-002,-31.94126,115.8562,Biting nuisance,Resident-reported mosquito nuisance (sample description).,Closed,Breeding site identified and treated,Officer F,data_generator,2025-05-03
CMP-00253,2024-11-10,2024-25,ST-014,-31.91887,115.83126,Swarming/adult numbers,Resident-reported mosquito nuisance (sample description).,Closed,Breeding site identified and treated,Officer E,data_generator,2024-11-10
CMP-00254,2025-03-17,2024-25,ST-005,-31.93279,115.85074,General enquiry,Resident-reported mosquito nuisance (sample description).,Closed,No breeding found,Officer E,data_generator,2025-03-17
CMP-00255,2024-10-27,2024-25,ST-020,-31.94567,115.87133,Swarming/adult numbers,Resident-reported mosquito nuisance (sample description).,Closed,Referred to property owner,Officer A,data_generator,2024-10-27
CMP-00256,2024-12-02,2024-25,,-31.92004,115.85467,Swarming/adult numbers,Resident-reported mosquito nuisance (sample description).,Closed,No breeding found,Officer A,data_generator,2024-12-02
CMP-00257,2025-11-07,2025-26,ST-014,-31.91887,115.83126,Suspected breeding site,Resident-reported mosquito nuisance (sample description).,Closed,Referred to property owner,Officer E,data_generator,2025-11-07
CMP-00258,2025-11-09,2025-26,ST-002,-31.94126,115.8562,Standing water on property,Resident-reported mosquito nuisance (sample description).,Closed,No breeding found,Officer B,data_generator,2025-11-09
CMP-00259,2025-12-12,2025-26,,-31.9391,115.85047,Swarming/adult numbers,Resident-reported mosquito nuisance (sample description).,Closed,Referred to property owner,Officer A,data_generator,2025-12-12
CMP-00260,2025-12-27,2025-26,,-31.94044,115.84593,Standing water on property,Resident-reported mosquito nuisance (sample description).,Closed,Breeding site identified and treated,Officer A,data_generator,2025-12-27
CMP-00261,2026-01-27,2025-26,ST-005,-31.93279,115.85074,Biting nuisance,Resident-reported mosquito nuisance (sample description).,Site Inspected,Inspection scheduled,Officer A,data_generator,2026-01-27
CMP-00262,2025-12-19,2025-26,ST-007,-31.9317,115.83744,Biting nuisance,Resident-reported mosquito nuisance (sample description).,Closed,Breeding site identified and treated,Officer D,data_generator,2025-12-19
CMP-00263,2026-01-28,2025-26,,-31.93897,115.87834,Suspected breeding site,Resident-reported mosquito nuisance (sample description).,Closed,Breeding site identified and treated,Officer C,data_generator,2026-01-28
CMP-00264,2025-12-19,2025-26,,-31.93521,115.84893,Swarming/adult numbers,Resident-reported mosquito nuisance (sample description).,Closed,No breeding found,Officer D,data_generator,2025-12-19
CMP-00265,2025-12-30,2025-26,,-31.93822,115.87564,Suspected breeding site,Resident-reported mosquito nuisance (sample description).,Closed,No breeding found,Officer E,data_generator,2025-12-30
CMP-00266,2025-10-19,2025-26,ST-008,-31.92832,115.83631,Biting nuisance,Resident-reported mosquito nuisance (sample description).,Closed,Breeding site identified and treated,Officer F,data_generator,2025-10-19
CMP-00267,2026-02-04,2025-26,,-31.9244,115.85476,Biting nuisance,Resident-reported mosquito nuisance (sample description).,Closed,Breeding site identified and treated,Officer D,data_generator,2026-02-04
CMP-00268,2025-11-17,2025-26,ST-014,-31.91887,115.83126,Standing water on property,Resident-reported mosquito nuisance (sample description).,Closed,Referred to property owner,Officer D,data_generator,2025-11-17
CMP-00269,2025-12-15,2025-26,ST-002,-31.94126,115.8562,Biting nuisance,Resident-reported mosquito nuisance (sample description).,Closed,No breeding found,Officer B,data_generator,2025-12-15
CMP-00270,2025-12-20,2025-26,,-31.93832,115.84705,Standing water on property,Resident-reported mosquito nuisance (sample description).,Closed,Referred to property owner,Officer E,data_generator,2025-12-20
CMP-00271,2026-01-20,2025-26,ST-020,-31.94567,115.87133,Suspected breeding site,Resident-reported mosquito nuisance (sample description).,Received,Inspection scheduled,Officer B,data_generator,2026-01-20
CMP-00272,2025-10-28,2025-26,,-31.94465,115.8714,Standing water on property,Resident-reported mosquito nuisance (sample description).,Closed,Referred to property owner,Officer C,data_generator,2025-10-28
CMP-00273,2025-10-23,2025-26,,-31.94454,115.88128,General enquiry,Resident-reported mosquito nuisance (sample description).,Closed,Referred to property owner,Officer E,data_generator,2025-10-23
CMP-00274,2025-12-02,2025-26,ST-019,-31.9352,115.84546,Suspected breeding site,Resident-reported mosquito nuisance (sample description).,Closed,Referred to property owner,Officer B,data_generator,2025-12-02
CMP-00275,2025-10-23,2025-26,,-31.93287,115.84808,Swarming/adult numbers,Resident-reported mosquito nuisance (sample description).,Closed,No breeding found,Officer D,data_generator,2025-10-23
CMP-00276,2026-02-05,2025-26,,-31.93346,115.86477,Standing water on property,Resident-reported mosquito nuisance (sample description).,Closed,No breeding found,Officer E,data_generator,2026-02-05
CMP-00277,2026-01-19,2025-26,ST-008,-31.92832,115.83631,Standing water on property,Resident-reported mosquito nuisance (sample description).,Site Inspected,Inspection scheduled,Officer C,data_generator,2026-01-19
CMP-00278,2025-11-18,2025-26,ST-002,-31.94126,115.8562,Suspected breeding site,Resident-reported mosquito nuisance (sample description).,Closed,Referred to property owner,Officer B,data_generator,2025-11-18
CMP-00279,2025-11-21,2025-26,ST-020,-31.94567,115.87133,Standing water on property,Resident-reported mosquito nuisance (sample description).,Site Inspected,Inspection scheduled,Officer E,data_generator,2025-11-21
CMP-00280,2025-10-29,2025-26,ST-014,-31.91887,115.83126,Biting nuisance,Resident-reported mosquito nuisance (sample description).,Under Investigation,Inspection scheduled,Officer D,data_generator,2025-10-29
CMP-00281,2026-02-08,2025-26,ST-002,-31.94126,115.8562,Standing water on property,Resident-reported mosquito nuisance (sample description).,Closed,Breeding site identified and treated,Officer B,data_generator,2026-02-08
CMP-00282,2025-10-24,2025-26,ST-002,-31.94126,115.8562,Swarming/adult numbers,Resident-reported mosquito nuisance (sample description).,Closed,No breeding found,Officer C,data_generator,2025-10-24
CMP-00283,2025-11-18,2025-26,ST-005,-31.93279,115.85074,Swarming/adult numbers,Resident-reported mosquito nuisance (sample description).,Under Investigation,Inspection scheduled,Officer B,data_generator,2025-11-18
CMP-00284,2026-01-09,2025-26,ST-002,-31.94126,115.8562,Standing water on property,Resident-reported mosquito nuisance (sample description).,Closed,Referred to property owner,Officer C,data_generator,2026-01-09
CMP-00285,2025-11-27,2025-26,ST-002,-31.94126,115.8562,General enquiry,Resident-reported mosquito nuisance (sample description).,Received,Inspection scheduled,Officer D,data_generator,2025-11-27
CMP-00286,2025-11-22,2025-26,,-31.92809,115.83964,Standing water on property,Resident-reported mosquito nuisance (sample description).,Under Investigation,Inspection scheduled,Officer D,data_generator,2025-11-22
CMP-00287,2026-01-21,2025-26,ST-019,-31.9352,115.84546,Biting nuisance,Resident-reported mosquito nuisance (sample description).,Under Investigation,Inspection scheduled,Officer E,data_generator,2026-01-21
CMP-00288,2025-12-10,2025-26,,-31.93143,115.8505,Swarming/adult numbers,Resident-reported mosquito nuisance (sample description).,Closed,Breeding site identified and treated,Officer E,data_generator,2025-12-10
CMP-00289,2025-12-26,2025-26,,-31.93021,115.85935,General enquiry,Resident-reported mosquito nuisance (sample description).,Closed,No breeding found,Officer B,data_generator,2025-12-26
CMP-00290,2025-12-15,2025-26,,-31.91714,115.83972,General enquiry,Resident-reported mosquito nuisance (sample description).,Closed,Referred to property owner,Officer C,data_generator,2025-12-15
CMP-00291,2025-10-07,2025-26,ST-006,-31.94286,115.86585,Swarming/adult numbers,Resident-reported mosquito nuisance (sample description).,Received,Inspection scheduled,Officer C,data_generator,2025-10-07
CMP-00292,2025-11-29,2025-26,ST-002,-31.94126,115.8562,Standing water on property,Resident-reported mosquito nuisance (sample description).,Closed,No breeding found,Officer E,data_generator,2025-11-29
CMP-00293,2025-11-07,2025-26,ST-008,-31.92832,115.83631,Biting nuisance,Resident-reported mosquito nuisance (sample description).,Closed,No breeding found,Officer C,data_generator,2025-11-07
CMP-00294,2025-11-04,2025-26,,-31.91533,115.82858,General enquiry,Resident-reported mosquito nuisance (sample description).,Closed,Referred to property owner,Officer C,data_generator,2025-11-04
CMP-00295,2025-11-29,2025-26,,-31.92423,115.83563,Swarming/adult numbers,Resident-reported mosquito nuisance (sample description).,Closed,No breeding found,Officer B,data_generator,2025-11-29
CMP-00296,2025-11-24,2025-26,ST-001,-31.93807,115.8624,General enquiry,Resident-reported mosquito nuisance (sample description).,Site Inspected,Inspection scheduled,Officer F,data_generator,2025-11-24
CMP-00297,2025-11-29,2025-26,,-31.94115,115.85673,Standing water on property,Resident-reported mosquito nuisance (sample description).,Closed,No breeding found,Officer D,data_generator,2025-11-29
CMP-00298,2026-01-21,2025-26,ST-014,-31.91887,115.83126,Biting nuisance,Resident-reported mosquito nuisance (sample description).,Closed,Referred to property owner,Officer A,data_generator,2026-01-21
CMP-00299,2025-11-02,2025-26,,-31.93999,115.84671,Standing water on property,Resident-reported mosquito nuisance (sample description).,Under Investigation,Inspection scheduled,Officer E,data_generator,2025-11-02
CMP-00300,2026-01-25,2025-26,ST-008,-31.92832,115.83631,Standing water on property,Resident-reported mosquito nuisance (sample description).,Under Investigation,Inspection scheduled,Officer E,data_generator,2026-01-25
CMP-00301,2025-12-08,2025-26,ST-005,-31.93279,115.85074,General enquiry,Resident-reported mosquito nuisance (sample description).,Closed,No breeding found,Officer E,data_generator,2025-12-08
CMP-00302,2025-10-18,2025-26,ST-003,-31.91968,115.83479,Standing water on property,Resident-reported mosquito nuisance (sample description).,Site Inspected,Inspection scheduled,Officer E,data_generator,2025-10-18
CMP-00303,2025-12-13,2025-26,ST-002,-31.94126,115.8562,Suspected breeding site,Resident-reported mosquito nuisance (sample description).,Closed,Breeding site identified and treated,Officer F,data_generator,2025-12-13
CMP-00304,2025-12-29,2025-26,ST-001,-31.93807,115.8624,General enquiry,Resident-reported mosquito nuisance (sample description).,Closed,No breeding found,Officer C,data_generator,2025-12-29
CMP-00305,2025-11-03,2025-26,,-31.92121,115.83596,Suspected breeding site,Resident-reported mosquito nuisance (sample description).,Under Investigation,Inspection scheduled,Officer E,data_generator,2025-11-03
CMP-00306,2025-12-16,2025-26,,-31.94654,115.86578,Biting nuisance,Resident-reported mosquito nuisance (sample description).,Closed,Breeding site identified and treated,Officer D,data_generator,2025-12-16
CMP-00307,2025-11-27,2025-26,ST-008,-31.92832,115.83631,Swarming/adult numbers,Resident-reported mosquito nuisance (sample description).,Closed,Referred to property owner,Officer B,data_generator,2025-11-27
CMP-00308,2025-11-13,2025-26,,-31.94592,115.86042,Biting nuisance,Resident-reported mosquito nuisance (sample description).,Site Inspected,Inspection scheduled,Officer D,data_generator,2025-11-13
CMP-00309,2026-01-30,2025-26,ST-008,-31.92832,115.83631,Swarming/adult numbers,Resident-reported mosquito nuisance (sample description).,Closed,Breeding site identified and treated,Officer E,data_generator,2026-01-30
CMP-00310,2026-01-19,2025-26,ST-007,-31.9317,115.83744,Suspected breeding site,Resident-reported mosquito nuisance (sample description).,Site Inspected,Inspection scheduled,Officer E,data_generator,2026-01-19
CMP-00311,2026-01-13,2025-26,ST-008,-31.92832,115.83631,Swarming/adult numbers,Resident-reported mosquito nuisance (sample description).,Closed,No breeding found,Officer E,data_generator,2026-01-13
CMP-00312,2026-01-08,2025-26,ST-002,-31.94126,115.8562,General enquiry,Resident-reported mosquito nuisance (sample description).,Under Investigation,Inspection scheduled,Officer C,data_generator,2026-01-08
CMP-00313,2025-10-12,2025-26,ST-005,-31.93279,115.85074,General enquiry,Resident-reported mosquito nuisance (sample description).,Received,Inspection scheduled,Officer B,data_generator,2025-10-12
CMP-00314,2026-01-20,2025-26,,-31.92417,115.84359,Suspected breeding site,Resident-reported mosquito nuisance (sample description).,Received,Inspection scheduled,Officer D,data_generator,2026-01-20
CMP-00315,2025-11-17,2025-26,ST-008,-31.92832,115.83631,Swarming/adult numbers,Resident-reported mosquito nuisance (sample description).,Closed,Breeding site identified and treated,Officer D,data_generator,2025-11-17
CMP-00316,2025-10-11,2025-26,,-31.92607,115.84695,Suspected breeding site,Resident-reported mosquito nuisance (sample description).,Closed,No breeding found,Officer A,data_generator,2025-10-11
CMP-00317,2026-01-10,2025-26,ST-007,-31.9317,115.83744,Standing water on property,Resident-reported mosquito nuisance (sample description).,Site Inspected,Inspection scheduled,Officer D,data_generator,2026-01-10
