Env_ID,Date,Site_ID,Rainfall_mm,Temp_Min_C,Temp_Max_C,Tidal_Level_m,Notes
ENV-00001,2023-10-01,,0.0,15.2,23.4,0.83,
ENV-00002,2023-10-02,,0.0,12.3,21.5,1.04,
ENV-00003,2023-10-03,,0.9,12.0,19.9,1.29,
ENV-00004,2023-10-04,,0.0,15.5,23.3,1.36,
ENV-00005,2023-10-05,,0.0,14.9,22.4,1.34,
ENV-00006,2023-10-06,,1.2,14.6,23.4,1.25,
ENV-00007,2023-10-07,,0.0,16.5,24.2,1.04,
ENV-00008,2023-10-08,,0.0,17.8,24.6,0.81,
ENV-00009,2023-10-09,,0.0,12.4,21.8,0.51,
ENV-00010,2023-10-10,,0.0,15.1,23.6,0.32,
ENV-00011,2023-10-11,,0.8,13.6,21.2,0.26,
ENV-00012,2023-10-12,,0.0,17.7,24.1,0.18,
ENV-00013,2023-10-13,,0.0,13.4,21.7,0.36,
ENV-00014,2023-10-14,,0.0,13.4,23.2,0.56,
ENV-00015,2023-10-15,,0.0,17.5,25.5,0.82,
ENV-00016,2023-10-16,,0.5,14.1,21.9,1.04,
ENV-00017,2023-10-17,,0.0,16.7,22.8,1.28,
ENV-00018,2023-10-18,,4.6,15.6,23.9,1.38,
ENV-00019,2023-10-19,,1.7,18.8,27.8,1.33,
ENV-00020,2023-10-20,,0.0,14.3,22.5,1.23,
ENV-00021,2023-10-21,,0.0,19.0,26.2,1.08,
ENV-00022,2023-10-22,,0.0,17.3,24.4,0.82,
ENV-00023,2023-10-23,,0.0,16.2,23.9,0.55,
ENV-00024,2023-10-24,,0.0,18.5,28.1,0.35,
ENV-00025,2023-10-25,,0.0,18.6,27.7,0.27,
ENV-00026,2023-10-26,,3.9,17.0,26.0,0.15,
ENV-00027,2023-10-27,,0.0,19.3,28.6,0.4,
ENV-00028,2023-10-28,,0.0,16.0,23.2,0.52,
ENV-00029,2023-10-29,,0.0,19.0,25.5,0.8,
ENV-00030,2023-10-30,,0.0,20.5,26.9,1.02,
ENV-00031,2023-10-31,,0.0,16.5,23.3,1.31,
ENV-00032,2023-11-01,,0.0,16.7,23.2,1.36,
ENV-00033,2023-11-02,,0.0,17.4,25.4,1.45,
ENV-00034,2023-11-03,,2.0,16.1,25.8,1.28,
ENV-00035,2023-11-04,,0.0,17.5,24.1,1.19,
ENV-00036,2023-11-05,,0.0,20.4,30.1,0.73,
ENV-00037,2023-11-06,,2.7,19.2,25.3,0.51,
ENV-00038,2023-11-07,,0.0,14.2,22.3,0.3,
ENV-00039,2023-11-08,,0.0,16.4,25.0,0.14,
ENV-00040,2023-11-09,,0.0,24.1,31.1,0.31,
ENV-00041,2023-11-10,,0.0,26.5,32.8,0.35,
ENV-00042,2023-11-11,,5.2,23.3,30.5,0.56,
ENV-00043,2023-11-12,,0.0,19.8,26.4,0.79,
ENV-00044,2023-11-13,,0.0,21.5,27.7,1.11,
ENV-00045,2023-11-14,,0.0,20.4,27.7,1.27,
ENV-00046,2023-11-15,,0.0,19.9,26.1,1.49,
ENV-00047,2023-11-16,,0.0,23.1,30.7,1.4,
ENV-00048,2023-11-17,,4.4,16.2,25.5,1.18,
ENV-00049,2023-11-18,,0.0,20.1,29.7,1.04,
ENV-00050,2023-11-19,,0.0,19.9,28.4,0.79,
ENV-00051,2023-11-20,,0.0,19.5,27.5,0.41,
ENV-00052,2023-11-21,,0.0,19.1,27.7,0.24,
ENV-00053,2023-11-22,,0.0,22.0,28.9,0.26,
ENV-00054,2023-11-23,,0.0,20.2,27.7,0.2,
ENV-00055,2023-11-24,,0.0,21.4,31.0,0.39,
ENV-00056,2023-11-25,,0.0,20.0,29.4,0.58,
ENV-00057,2023-11-26,,1.6,19.5,28.0,0.74,
ENV-00058,2023-11-27,,1.2,20.8,30.3,1.1,
ENV-00059,2023-11-28,,0.0,26.1,32.5,1.27,
ENV-00060,2023-11-29,,0.0,17.4,26.6,1.42,
ENV-00061,2023-11-30,,4.5,17.8,27.6,1.35,
ENV-00062,2023-12-01,,0.0,21.5,29.7,1.15,
ENV-00063,2023-12-02,,0.0,20.7,29.8,1.14,
ENV-00064,2023-12-03,,0.1,15.4,25.1,0.87,
ENV-00065,2023-12-04,,0.0,22.4,30.1,0.58,
ENV-00066,2023-12-05,,0.0,22.0,31.6,0.34,
ENV-00067,2023-12-06,,0.0,20.5,27.8,0.27,
ENV-00068,2023-12-07,,0.0,20.0,27.5,0.18,
ENV-00069,2023-12-08,,0.0,18.9,28.1,0.33,
ENV-00070,2023-12-09,,0.0,23.6,32.4,0.57,
ENV-00071,2023-12-10,,1.4,26.0,34.5,0.78,
ENV-00072,2023-12-11,,0.0,22.3,30.2,1.0,
ENV-00073,2023-12-12,,0.0,19.0,26.8,1.3,
ENV-00074,2023-12-13,,0.0,24.2,30.7,1.39,
ENV-00075,2023-12-14,,2.6,19.9,29.2,1.42,
ENV-00076,2023-12-15,,0.2,24.6,30.7,1.28,
ENV-00077,2023-12-16,,0.0,22.3,32.0,1.05,
ENV-00078,2023-12-17,,0.0,23.9,30.2,0.74,
ENV-00079,2023-12-18,,2.1,18.1,27.5,0.53,
ENV-00080,2023-12-19,,0.0,22.1,30.9,0.33,
ENV-00081,2023-12-20,,0.0,24.8,33.3,0.19,
ENV-00082,2023-12-21,,0.0,20.9,27.7,0.3,
ENV-00083,2023-12-22,,0.0,21.7,28.0,0.35,
ENV-00084,2023-12-23,,0.0,21.7,30.5,0.51,
ENV-00085,2023-12-24,,0.0,20.9,28.7,0.79,
ENV-00086,2023-12-25,,0.0,25.0,31.6,1.04,
ENV-00087,2023-12-26,,0.0,19.2,28.0,1.32,
ENV-00088,2023-12-27,,0.0,23.8,31.8,1.48,
ENV-00089,2023-12-28,,0.0,28.7,35.2,1.34,
ENV-00090,2023-12-29,,0.0,23.3,31.8,1.23,
ENV-00091,2023-12-30,,0.0,19.6,28.0,1.04,
ENV-00092,2023-12-31,,0.0,22.7,30.6,0.82,
ENV-00093,2024-01-01,,0.0,21.9,30.5,0.57,
ENV-00094,2024-01-02,,0.0,22.5,30.7,0.33,
ENV-00095,2024-01-03,,0.0,28.5,36.6,0.22,
ENV-00096,2024-01-04,,0.0,24.6,32.6,0.18,
ENV-00097,2024-01-05,,0.0,23.0,32.3,0.36,
ENV-00098,2024-01-06,,0.0,23.5,32.8,0.56,
ENV-00099,2024-01-07,,0.0,23.7,30.9,0.78,
ENV-00100,2024-01-08,,0.0,18.2,27.6,1.11,
ENV-00101,2024-01-09,,0.0,23.7,30.2,1.24,
ENV-00102,2024-01-10,,0.0,27.4,36.5,1.41,
ENV-00103,2024-01-11,,0.0,21.0,28.6,1.38,
ENV-00104,2024-01-12,,0.0,25.2,33.3,1.31,
ENV-00105,2024-01-13,,0.0,26.8,35.0,1.13,
ENV-00106,2024-01-14,,0.0,23.6,31.4,0.87,
ENV-00107,2024-01-15,,0.0,24.3,32.1,0.52,
ENV-00108,2024-01-16,,0.1,20.3,29.9,0.36,
ENV-00109,2024-01-17,,0.0,22.4,30.8,0.18,
ENV-00110,2024-01-18,,0.0,19.1,28.5,0.21,
ENV-00111,2024-01-19,,0.0,22.3,31.4,0.37,
ENV-00112,2024-01-20,,0.0,23.9,33.2,0.55,
ENV-00113,2024-01-21,,0.0,28.0,36.0,0.76,
ENV-00114,2024-01-22,,0.0,22.5,29.9,1.03,
ENV-00115,2024-01-23,,0.0,22.6,30.2,1.27,
ENV-00116,2024-01-24,,0.0,23.1,30.4,1.35,
ENV-00117,2024-01-25,,0.0,25.8,33.1,1.38,
ENV-00118,2024-01-26,,0.0,23.7,32.5,1.2,
ENV-00119,2024-01-27,,0.0,26.8,34.7,1.08,
ENV-00120,2024-01-28,,0.0,17.3,27.2,0.75,
ENV-00121,2024-01-29,,0.0,24.5,33.4,0.5,
ENV-00122,2024-01-30,,0.0,22.6,32.5,0.34,
ENV-00123,2024-01-31,,0.0,26.6,35.6,0.13,
ENV-00124,2024-02-01,,0.0,20.3,29.4,0.26,
ENV-00125,2024-02-02,,0.0,22.6,32.5,0.3,
ENV-00126,2024-02-03,,0.0,26.3,34.5,0.57,
ENV-00127,2024-02-04,,0.0,27.4,33.5,0.83,
ENV-00128,2024-02-05,,0.0,21.2,29.9,1.08,
ENV-00129,2024-02-06,,0.0,21.4,30.4,1.28,
ENV-00130,2024-02-07,,0.0,22.2,30.7,1.39,
ENV-00131,2024-02-08,,4.2,23.8,32.5,1.36,
ENV-00132,2024-02-09,,0.0,27.7,34.6,1.35,
ENV-00133,2024-02-10,,0.0,29.8,37.0,1.04,
ENV-00134,2024-02-11,,0.0,21.8,31.3,0.83,
ENV-00135,2024-02-12,,0.0,19.7,28.9,0.55,
ENV-00136,2024-02-13,,0.0,24.6,31.2,0.24,
ENV-00137,2024-02-14,,0.0,22.5,32.2,0.21,
ENV-00138,2024-02-15,,0.0,28.9,35.1,0.17,
ENV-00139,2024-02-16,,0.0,24.8,32.1,0.25,
ENV-00140,2024-02-17,,1.3,23.5,31.7,0.45,
ENV-00141,2024-02-18,,0.0,18.8,28.5,0.67,
ENV-00142,2024-02-19,,0.0,24.6,33.3,1.1,
ENV-00143,2024-02-20,,0.0,22.9,32.3,1.29,
ENV-00144,2024-02-21,,0.0,23.5,31.3,1.45,
ENV-00145,2024-02-22,,0.0,21.3,30.5,1.36,
ENV-00146,2024-02-23,,2.3,22.3,30.6,1.25,
ENV-00147,2024-02-24,,13.8,24.4,32.1,1.02,
ENV-00148,2024-02-25,,0.0,20.6,26.8,0.79,
ENV-00149,2024-02-26,,0.0,27.4,33.6,0.59,
ENV-00150,2024-02-27,,0.0,22.6,29.4,0.32,
ENV-00151,2024-02-28,,1.4,26.6,32.6,0.21,
ENV-00152,2024-02-29,,0.0,22.9,30.9,0.25,
ENV-00153,2024-03-01,,0.0,21.2,30.5,0.22,
ENV-00154,2024-03-02,,4.8,19.5,28.2,0.58,
ENV-00155,2024-03-03,,0.0,21.0,28.8,0.8,
ENV-00156,2024-03-04,,0.0,25.6,32.2,1.07,
ENV-00157,2024-03-05,,1.0,26.5,32.6,1.32,
ENV-00158,2024-03-06,,0.0,25.0,33.3,1.39,
ENV-00159,2024-03-07,,7.2,24.3,32.8,1.34,
ENV-00160,2024-03-08,,0.0,21.2,30.9,1.37,
ENV-00161,2024-03-09,,0.0,26.9,34.4,1.1,
ENV-00162,2024-03-10,,0.0,23.6,32.0,0.84,
ENV-00163,2024-03-11,,0.0,25.8,31.9,0.54,
ENV-00164,2024-03-12,,0.0,20.6,29.5,0.42,
ENV-00165,2024-03-13,,0.0,23.7,33.2,0.22,
ENV-00166,2024-03-14,,0.0,22.1,30.9,0.15,
ENV-00167,2024-03-15,,0.0,24.2,30.3,0.38,
ENV-00168,2024-03-16,,0.0,20.8,30.3,0.53,
ENV-00169,2024-03-17,,1.9,21.0,28.1,0.83,
ENV-00170,2024-03-18,,1.2,21.6,31.0,1.11,
ENV-00171,2024-03-19,,0.0,25.1,32.1,1.21,
ENV-00172,2024-03-20,,0.0,22.0,30.7,1.44,
ENV-00173,2024-03-21,,0.0,19.7,29.7,1.4,
ENV-00174,2024-03-22,,0.0,20.3,29.5,1.24,
ENV-00175,2024-03-23,,0.0,19.0,28.5,1.07,
ENV-00176,2024-03-24,,0.0,20.4,30.2,0.74,
ENV-00177,2024-03-25,,0.0,16.5,25.4,0.54,
ENV-00178,2024-03-26,,0.0,20.3,29.3,0.35,
ENV-00179,2024-03-27,,0.0,26.2,32.6,0.18,
ENV-00180,2024-03-28,,0.0,21.2,27.6,0.2,
ENV-00181,2024-03-29,,0.0,25.6,33.1,0.33,
ENV-00182,2024-03-30,,0.0,22.2,29.4,0.58,
ENV-00183,2024-03-31,,0.0,19.3,27.7,0.78,
ENV-00184,2024-04-01,,0.0,23.3,30.8,1.06,
ENV-00185,2024-04-02,,0.0,20.8,29.6,1.3,
ENV-00186,2024-04-03,,0.0,20.5,26.9,1.39,
ENV-00187,2024-04-04,,0.0,20.5,27.3,1.36,
ENV-00188,2024-04-05,,0.0,22.3,28.5,1.31,
ENV-00189,2024-04-06,,0.9,20.7,28.7,1.05,
ENV-00190,2024-04-07,,0.0,18.7,28.2,0.85,
ENV-00191,2024-04-08,,0.0,16.3,26.1,0.6,
ENV-00192,2024-04-09,,0.0,21.0,27.4,0.29,
ENV-00193,2024-04-10,,0.0,20.3,27.0,0.27,
ENV-00194,2024-04-11,,0.8,17.7,26.7,0.23,
ENV-00195,2024-04-12,,1.6,19.0,28.1,0.43,
ENV-00196,2024-04-13,,2.9,21.0,27.4,0.5,
ENV-00197,2024-04-14,,0.6,20.7,28.5,0.86,
ENV-00198,2024-04-15,,1.5,22.4,30.5,1.04,
ENV-00199,2024-04-16,,0.0,16.2,25.8,1.26,
ENV-00200,2024-04-17,,0.0,23.0,31.2,1.37,
ENV-00201,2024-04-18,,0.0,20.9,27.4,1.44,
ENV-00202,2024-04-19,,0.0,23.8,30.5,1.21,
ENV-00203,2024-04-20,,4.0,20.8,26.9,1.1,
ENV-00204,2024-04-21,,0.0,20.1,27.9,0.78,
ENV-00205,2024-04-22,,0.0,17.5,27.5,0.36,
ENV-00206,2024-04-23,,0.0,16.7,23.3,0.27,
ENV-00207,2024-04-24,,0.0,17.8,25.2,0.33,
ENV-00208,2024-04-25,,2.1,17.3,26.5,0.16,
ENV-00209,2024-04-26,,0.0,20.1,26.2,0.32,
ENV-00210,2024-04-27,,0.0,16.9,24.8,0.53,
ENV-00211,2024-04-28,,0.0,16.9,26.6,0.75,
ENV-00212,2024-04-29,,0.0,19.6,28.2,1.08,
ENV-00213,2024-04-30,,0.0,19.5,26.8,1.29,
ENV-00214,2024-05-01,,0.0,19.2,27.0,1.37,
ENV-00215,2024-05-02,,0.0,17.5,24.7,1.47,
ENV-00216,2024-05-03,,0.0,20.6,28.2,1.31,
ENV-00217,2024-05-04,,0.0,16.0,25.7,1.06,
ENV-00218,2024-05-05,,0.0,16.2,23.8,0.8,
ENV-00219,2024-05-06,,0.0,17.2,25.9,0.58,
ENV-00220,2024-05-07,,1.5,18.5,25.8,0.25,
ENV-00221,2024-05-08,,0.3,14.2,22.8,0.2,
ENV-00222,2024-05-09,,0.0,17.3,26.0,0.24,
ENV-00223,2024-05-10,,0.0,17.1,25.9,0.22,
ENV-00224,2024-05-11,,0.0,16.1,24.6,0.6,
ENV-00225,2024-05-12,,0.0,16.1,24.8,0.8,
ENV-00226,2024-05-13,,0.0,18.5,26.3,1.09,
ENV-00227,2024-05-14,,0.0,14.1,22.3,1.27,
ENV-00228,2024-05-15,,0.0,15.6,22.5,1.41,
ENV-00229,2024-05-16,,0.0,12.1,22.0,1.37,
ENV-00230,2024-05-17,,0.0,16.1,24.0,1.34,
ENV-00231,2024-05-18,,2.2,16.8,24.0,1.05,
ENV-00232,2024-05-19,,0.0,17.2,26.5,0.77,
ENV-00233,2024-05-20,,0.0,16.0,23.3,0.61,
ENV-00234,2024-05-21,,0.2,14.0,23.1,0.25,
ENV-00235,2024-05-22,,0.0,14.7,21.3,0.36,
ENV-00236,2024-05-23,,0.2,11.9,21.9,0.24,
ENV-00237,2024-05-24,,0.0,13.5,23.0,0.26,
ENV-00238,2024-05-25,,0.0,13.0,19.7,0.51,
ENV-00239,2024-05-26,,0.0,13.9,22.7,0.77,
ENV-00240,2024-05-27,,0.0,18.6,25.0,1.11,
ENV-00241,2024-05-28,,0.0,17.0,24.9,1.3,
ENV-00242,2024-05-29,,0.0,15.9,23.3,1.32,
ENV-00243,2024-05-30,,0.0,12.9,20.5,1.46,
ENV-00244,2024-05-31,,0.0,13.5,21.5,1.27,
ENV-00245,2024-10-01,,0.1,15.8,22.2,1.01,
ENV-00246,2024-10-02,,0.0,17.0,23.0,0.79,
ENV-00247,2024-10-03,,0.0,13.3,21.9,0.53,
ENV-00248,2024-10-04,,0.0,12.5,21.9,0.32,
ENV-00249,2024-10-05,,0.0,14.8,21.1,0.28,
ENV-00250,2024-10-06,,0.0,13.8,22.8,0.22,
ENV-00251,2024-10-07,,0.0,18.7,26.2,0.33,
ENV-00252,2024-10-08,,0.0,17.9,24.3,0.59,
ENV-00253,2024-10-09,,0.2,13.4,23.4,0.83,
ENV-00254,2024-10-10,,0.0,13.9,23.4,0.94,
ENV-00255,2024-10-11,,0.0,13.6,20.5,1.26,
ENV-00256,2024-10-12,,0.0,12.1,20.4,1.51,
ENV-00257,2024-10-13,,0.0,21.0,27.1,1.29,
ENV-00258,2024-10-14,,0.0,15.8,23.4,1.19,
ENV-00259,2024-10-15,,1.1,14.7,22.3,0.99,
ENV-00260,2024-10-16,,0.0,16.9,25.6,0.73,
ENV-00261,2024-10-17,,0.2,14.8,23.4,0.62,
ENV-00262,2024-10-18,,0.0,16.5,26.2,0.43,
ENV-00263,2024-10-19,,0.0,13.1,21.9,0.15,
ENV-00264,2024-10-20,,1.3,16.8,23.5,0.18,
ENV-00265,2024-10-21,,0.0,16.9,23.1,0.35,
ENV-00266,2024-10-22,,0.0,19.6,26.5,0.5,
ENV-00267,2024-10-23,,2.2,13.1,19.5,0.74,
ENV-00268,2024-10-24,,0.0,18.6,27.6,1.08,
ENV-00269,2024-10-25,,0.0,20.4,26.6,1.31,
ENV-00270,2024-10-26,,0.0,15.7,24.0,1.36,
ENV-00271,2024-10-27,,0.0,15.1,23.1,1.27,
ENV-00272,2024-10-28,,0.0,18.0,25.6,1.27,
ENV-00273,2024-10-29,,0.0,19.9,26.7,1.01,
ENV-00274,2024-10-30,,0.0,21.4,29.0,0.8,
ENV-00275,2024-10-31,,0.0,15.2,25.0,0.46,
ENV-00276,2024-11-01,,0.0,19.6,27.8,0.35,
ENV-00277,2024-11-02,,0.0,17.3,24.6,0.21,
ENV-00278,2024-11-03,,0.0,23.0,29.6,0.22,
ENV-00279,2024-11-04,,0.0,19.6,27.8,0.33,
ENV-00280,2024-11-05,,0.0,15.0,24.7,0.57,
ENV-00281,2024-11-06,,0.0,19.8,29.6,0.82,
ENV-00282,2024-11-07,,0.0,19.3,25.4,1.08,
ENV-00283,2024-11-08,,0.0,17.3,26.3,1.17,
ENV-00284,2024-11-09,,0.0,22.4,28.4,1.32,
ENV-00285,2024-11-10,,0.0,19.4,26.9,1.39,
ENV-00286,2024-11-11,,0.0,17.1,26.2,1.28,
ENV-00287,2024-11-12,,0.0,19.0,28.9,1.0,
ENV-00288,2024-11-13,,0.0,15.8,25.3,0.67,
ENV-00289,2024-11-14,,0.0,20.7,28.6,0.42,
ENV-00290,2024-11-15,,0.0,17.8,25.5,0.31,
ENV-00291,2024-11-16,,0.0,16.1,25.2,0.24,
ENV-00292,2024-11-17,,0.0,19.3,28.8,0.14,
ENV-00293,2024-11-18,,0.0,23.5,30.2,0.33,
ENV-00294,2024-11-19,,0.0,18.6,24.8,0.55,
ENV-00295,2024-11-20,,0.1,18.3,24.8,0.75,
ENV-00296,2024-11-21,,0.0,22.3,29.9,1.15,
ENV-00297,2024-11-22,,0.0,20.6,29.2,1.26,
ENV-00298,2024-11-23,,4.4,19.0,26.7,1.33,
ENV-00299,2024-11-24,,0.0,26.9,33.0,1.43,
ENV-00300,2024-11-25,,0.0,22.1,28.3,1.2,
ENV-00301,2024-11-26,,0.0,20.0,29.3,1.03,
ENV-00302,2024-11-27,,0.0,20.3,27.9,0.85,
ENV-00303,2024-11-28,,0.0,18.1,25.3,0.48,
ENV-00304,2024-11-29,,0.0,22.1,31.6,0.26,
ENV-00305,2024-11-30,,0.0,21.3,30.7,0.21,
ENV-00306,2024-12-01,,0.0,21.6,29.8,0.23,
ENV-00307,2024-12-02,,0.0,23.3,32.1,0.32,
ENV-00308,2024-12-03,,0.0,21.5,28.9,0.6,
ENV-00309,2024-12-04,,0.0,18.1,27.2,0.77,
ENV-00310,2024-12-05,,0.0,26.3,32.4,1.15,
ENV-00311,2024-12-06,,0.0,22.7,30.7,1.2,
ENV-00312,2024-12-07,,0.0,25.8,32.0,1.36,
ENV-00313,2024-12-08,,0.0,21.4,31.1,1.38,
ENV-00314,2024-12-09,,0.0,21.6,30.8,1.19,
ENV-00315,2024-12-10,,0.0,25.0,32.4,1.11,
ENV-00316,2024-12-11,,0.0,24.4,31.9,0.79,
ENV-00317,2024-12-12,,0.0,23.5,30.8,0.49,
ENV-00318,2024-12-13,,0.0,24.8,31.7,0.37,
ENV-00319,2024-12-14,,3.6,22.9,29.6,0.23,
ENV-00320,2024-12-15,,0.0,22.3,30.1,0.15,
ENV-00321,2024-12-16,,4.9,24.9,32.6,0.4,
ENV-00322,2024-12-17,,0.0,23.9,30.1,0.62,
ENV-00323,2024-12-18,,0.0,21.9,29.8,0.79,
ENV-00324,2024-12-19,,0.0,22.0,29.7,1.18,
ENV-00325,2024-12-20,,0.0,23.4,30.8,1.32,
ENV-00326,2024-12-21,,0.0,21.7,29.2,1.43,
ENV-00327,2024-12-22,,0.0,21.9,30.8,1.31,
ENV-00328,2024-12-23,,0.7,20.7,27.3,1.16,
ENV-00329,2024-12-24,,2.1,23.4,30.5,1.04,
ENV-00330,2024-12-25,,0.0,27.2,34.3,0.81,
ENV-00331,2024-12-26,,0.0,22.8,31.6,0.47,
ENV-00332,2024-12-27,,0.0,24.6,31.7,0.33,
ENV-00333,2024-12-28,,3.0,21.0,29.8,0.23,
ENV-00334,2024-12-29,,0.0,19.6,28.8,0.19,
ENV-00335,2024-12-30,,0.0,22.5,29.9,0.36,
ENV-00336,2024-12-31,,0.0,18.0,27.0,0.55,
ENV-00337,2025-01-01,,0.0,23.7,31.4,0.7,
ENV-00338,2025-01-02,,0.0,18.9,28.0,1.13,
ENV-00339,2025-01-03,,0.0,21.3,30.7,1.13,
ENV-00340,2025-01-04,,0.0,21.3,31.0,1.44,
ENV-00341,2025-01-05,,0.0,27.8,33.9,1.42,
ENV-00342,2025-01-06,,0.0,24.3,32.6,1.21,
ENV-00343,2025-01-07,,0.0,28.7,35.6,0.98,
ENV-00344,2025-01-08,,0.0,20.2,29.7,0.84,
ENV-00345,2025-01-09,,0.0,25.0,32.1,0.53,
ENV-00346,2025-01-10,,0.0,19.9,28.1,0.25,
ENV-00347,2025-01-11,,0.0,20.4,30.2,0.15,
ENV-00348,2025-01-12,,0.0,23.7,30.5,0.21,
ENV-00349,2025-01-13,,0.0,24.4,31.0,0.27,
ENV-00350,2025-01-14,,0.0,22.8,29.9,0.55,
ENV-00351,2025-01-15,,0.0,25.5,33.3,0.82,
ENV-00352,2025-01-16,,0.0,22.5,31.8,1.11,
ENV-00353,2025-01-17,,0.4,21.3,27.4,1.3,
ENV-00354,2025-01-18,,0.0,22.9,30.5,1.27,
ENV-00355,2025-01-19,,0.0,27.0,33.8,1.32,
ENV-00356,2025-01-20,,0.0,20.5,29.1,1.29,
ENV-00357,2025-01-21,,0.0,25.2,32.8,1.14,
ENV-00358,2025-01-22,,1.9,20.8,29.8,0.73,
ENV-00359,2025-01-23,,3.3,23.5,31.3,0.53,
ENV-00360,2025-01-24,,0.0,24.1,31.2,0.33,
ENV-00361,2025-01-25,,9.0,23.0,30.6,0.23,
ENV-00362,2025-01-26,,0.0,23.8,30.5,0.25,
ENV-00363,2025-01-27,,0.0,24.7,34.3,0.21,
ENV-00364,2025-01-28,,0.0,29.0,35.2,0.48,
ENV-00365,2025-01-29,,0.6,21.3,30.3,0.85,
ENV-00366,2025-01-30,,0.0,20.7,28.5,1.05,
ENV-00367,2025-01-31,,0.0,19.8,29.1,1.25,
ENV-00368,2025-02-01,,0.0,26.3,33.3,1.38,
ENV-00369,2025-02-02,,0.0,26.8,34.3,1.36,
ENV-00370,2025-02-03,,0.0,25.6,34.5,1.26,
ENV-00371,2025-02-04,,0.0,19.7,28.8,1.1,
ENV-00372,2025-02-05,,0.0,22.3,32.2,0.79,
ENV-00373,2025-02-06,,0.0,25.6,35.6,0.54,
ENV-00374,2025-02-07,,0.0,23.4,32.5,0.25,
ENV-00375,2025-02-08,,0.0,25.0,32.2,0.13,
ENV-00376,2025-02-09,,0.0,25.3,33.9,0.2,
ENV-00377,2025-02-10,,0.0,20.1,28.9,0.39,
ENV-00378,2025-02-11,,0.0,23.2,30.6,0.55,
ENV-00379,2025-02-12,,0.2,21.8,31.6,0.79,
ENV-00380,2025-02-13,,0.0,20.1,29.1,1.0,
ENV-00381,2025-02-14,,0.0,23.5,32.6,1.28,
ENV-00382,2025-02-15,,0.0,20.7,29.5,1.27,
ENV-00383,2025-02-16,,0.0,24.3,32.2,1.4,
ENV-00384,2025-02-17,,0.0,24.2,33.8,1.16,
ENV-00385,2025-02-18,,0.0,26.4,33.0,1.07,
ENV-00386,2025-02-19,,0.1,23.2,30.5,0.85,
ENV-00387,2025-02-20,,0.0,22.6,28.9,0.6,
ENV-00388,2025-02-21,,0.0,22.5,31.8,0.33,
ENV-00389,2025-02-22,,0.0,22.1,31.7,0.2,
ENV-00390,2025-02-23,,0.0,20.9,28.7,0.15,
ENV-00391,2025-02-24,,0.5,21.9,31.1,0.4,
ENV-00392,2025-02-25,,0.0,25.2,32.5,0.5,
ENV-00393,2025-02-26,,0.0,21.2,30.3,0.84,
ENV-00394,2025-02-27,,1.5,20.2,29.8,1.12,
ENV-00395,2025-02-28,,0.0,24.1,32.6,1.22,
ENV-00396,2025-03-01,,0.0,22.6,31.4,1.35,
ENV-00397,2025-03-02,,0.0,21.3,29.1,1.32,
ENV-00398,2025-03-03,,0.0,25.1,32.9,1.25,
ENV-00399,2025-03-04,,0.0,23.4,31.3,1.12,
ENV-00400,2025-03-05,,0.0,23.7,31.7,0.74,
ENV-00401,2025-03-06,,0.0,27.7,33.9,0.42,
ENV-00402,2025-03-07,,0.0,21.0,29.0,0.39,
ENV-00403,2025-03-08,,0.0,21.0,27.7,0.21,
ENV-00404,2025-03-09,,0.0,22.3,31.4,0.2,
ENV-00405,2025-03-10,,0.0,23.5,30.1,0.31,
ENV-00406,2025-03-11,,0.0,23.3,30.6,0.52,
ENV-00407,2025-03-12,,0.0,23.9,30.8,0.8,
ENV-00408,2025-03-13,,0.0,21.3,30.7,0.96,
ENV-00409,2025-03-14,,3.3,24.1,31.1,1.3,
ENV-00410,2025-03-15,,0.0,24.2,32.3,1.28,
ENV-00411,2025-03-16,,0.0,25.1,31.9,1.34,
ENV-00412,2025-03-17,,0.0,23.9,31.7,1.23,
ENV-00413,2025-03-18,,0.0,20.6,29.8,1.08,
ENV-00414,2025-03-19,,0.0,23.3,31.3,0.79,
ENV-00415,2025-03-20,,0.0,25.7,33.1,0.54,
ENV-00416,2025-03-21,,0.0,22.4,31.8,0.23,
ENV-00417,2025-03-22,,0.1,21.8,30.0,0.18,
ENV-00418,2025-03-23,,0.0,23.2,30.3,0.18,
ENV-00419,2025-03-24,,1.9,20.1,29.4,0.36,
ENV-00420,2025-03-25,,0.0,21.2,27.5,0.55,
ENV-00421,2025-03-26,,0.0,23.2,29.9,0.78,
ENV-00422,2025-03-27,,0.0,23.2,30.0,1.03,
ENV-00423,2025-03-28,,0.0,17.2,27.1,1.31,
ENV-00424,2025-03-29,,0.0,25.5,33.0,1.46,
ENV-00425,2025-03-30,,0.0,22.3,28.4,1.4,
ENV-00426,2025-03-31,,0.0,18.0,27.1,1.3,
ENV-00427,2025-04-01,,0.0,23.2,31.1,0.95,
ENV-00428,2025-04-02,,0.0,21.6,28.5,0.82,
ENV-00429,2025-04-03,,0.0,18.7,28.0,0.59,
ENV-00430,2025-04-04,,0.0,23.9,30.0,0.27,
ENV-00431,2025-04-05,,0.0,19.7,28.8,0.24,
ENV-00432,2025-04-06,,0.6,18.9,27.1,0.27,
ENV-00433,2025-04-07,,0.0,14.8,22.4,0.32,
ENV-00434,2025-04-08,,0.0,19.2,25.5,0.44,
ENV-00435,2025-04-09,,0.0,22.5,30.6,0.77,
ENV-00436,2025-04-10,,0.0,18.7,26.2,1.04,
ENV-00437,2025-04-11,,0.0,17.5,26.4,1.27,
ENV-00438,2025-04-12,,0.0,18.7,25.7,1.32,
ENV-00439,2025-04-13,,0.0,19.3,28.1,1.37,
ENV-00440,2025-04-14,,0.0,15.5,24.2,1.23,
ENV-00441,2025-04-15,,0.1,22.7,31.7,1.03,
ENV-00442,2025-04-16,,0.0,18.7,28.0,0.74,
ENV-00443,2025-04-17,,0.0,20.5,26.9,0.51,
ENV-00444,2025-04-18,,0.0,20.2,26.8,0.36,
ENV-00445,2025-04-19,,0.0,21.2,27.8,0.25,
ENV-00446,2025-04-20,,1.4,19.6,26.7,0.15,
ENV-00447,2025-04-21,,0.5,22.2,28.6,0.36,
ENV-00448,2025-04-22,,0.0,18.0,27.3,0.53,
ENV-00449,2025-04-23,,0.0,19.2,25.3,0.76,
ENV-00450,2025-04-24,,0.0,18.7,25.1,1.09,
ENV-00451,2025-04-25,,0.0,18.7,27.1,1.29,
ENV-00452,2025-04-26,,0.0,18.6,27.1,1.5,
ENV-00453,2025-04-27,,0.0,17.7,25.5,1.4,
ENV-00454,2025-04-28,,3.4,13.5,23.4,1.33,
ENV-00455,2025-04-29,,0.0,19.5,27.4,1.09,
ENV-00456,2025-04-30,,2.8,16.2,26.0,0.77,
ENV-00457,2025-05-01,,0.0,17.3,27.1,0.5,
ENV-00458,2025-05-02,,0.0,18.0,26.0,0.26,
ENV-00459,2025-05-03,,0.0,17.4,26.8,0.19,
ENV-00460,2025-05-04,,0.0,21.4,28.2,0.2,
ENV-00461,2025-05-05,,0.0,18.8,25.6,0.38,
ENV-00462,2025-05-06,,0.0,16.3,23.3,0.57,
ENV-00463,2025-05-07,,0.0,21.1,29.0,0.75,
ENV-00464,2025-05-08,,0.0,19.5,26.4,1.0,
ENV-00465,2025-05-09,,0.0,18.5,26.5,1.29,
ENV-00466,2025-05-10,,0.0,16.2,26.0,1.35,
ENV-00467,2025-05-11,,0.0,12.5,22.5,1.4,
ENV-00468,2025-05-12,,2.5,17.2,25.3,1.27,
ENV-00469,2025-05-13,,0.0,18.4,25.5,0.96,
ENV-00470,2025-05-14,,0.0,17.7,23.8,0.8,
ENV-00471,2025-05-15,,0.0,16.9,24.3,0.56,
ENV-00472,2025-05-16,,0.0,18.0,24.8,0.38,
ENV-00473,2025-05-17,,0.0,17.5,25.5,0.18,
ENV-00474,2025-05-18,,0.0,15.7,24.7,0.22,
ENV-00475,2025-05-19,,0.0,16.2,25.3,0.37,
ENV-00476,2025-05-20,,0.0,15.6,21.9,0.55,
ENV-00477,2025-05-21,,0.2,11.4,20.0,0.77,
ENV-00478,2025-05-22,,0.0,16.7,26.1,1.08,
ENV-00479,2025-05-23,,0.6,16.4,24.2,1.26,
ENV-00480,2025-05-24,,0.0,16.1,23.2,1.42,
ENV-00481,2025-05-25,,0.0,16.0,24.0,1.39,
ENV-00482,2025-05-26,,0.0,16.1,22.7,1.24,
ENV-00483,2025-05-27,,0.1,14.2,23.5,1.04,
ENV-00484,2025-05-28,,0.0,13.8,23.2,0.84,
ENV-00485,2025-05-29,,0.2,14.7,23.0,0.67,
ENV-00486,2025-05-30,,1.7,14.2,23.0,0.38,
ENV-00487,2025-05-31,,1.7,13.4,21.4,0.17,
ENV-00488,2025-10-01,,0.8,10.3,19.8,0.17,
ENV-00489,2025-10-02,,0.0,15.7,23.5,0.4,
ENV-00490,2025-10-03,,0.0,13.8,23.5,0.45,
ENV-00491,2025-10-04,,0.0,13.7,20.9,0.75,
ENV-00492,2025-10-05,,0.0,15.2,21.9,1.06,
ENV-00493,2025-10-06,,0.0,17.3,23.6,1.38,
ENV-00494,2025-10-07,,0.0,16.9,23.2,1.3,
ENV-00495,2025-10-08,,0.0,16.4,22.9,1.49,
ENV-00496,2025-10-09,,0.0,16.9,24.1,1.27,
ENV-00497,2025-10-10,,0.3,16.7,23.5,1.05,
ENV-00498,2025-10-11,,0.0,13.5,21.7,0.8,
ENV-00499,2025-10-12,,0.0,14.8,24.6,0.52,
ENV-00500,2025-10-13,,0.0,18.2,24.4,0.37,
ENV-00501,2025-10-14,,0.7,17.8,25.6,0.22,
ENV-00502,2025-10-15,,0.0,15.8,23.8,0.14,
ENV-00503,2025-10-16,,0.0,15.7,24.1,0.29,
ENV-00504,2025-10-17,,0.0,15.7,21.9,0.57,
ENV-00505,2025-10-18,,0.0,20.0,28.6,0.75,
ENV-00506,2025-10-19,,0.0,12.9,21.7,1.06,
ENV-00507,2025-10-20,,1.2,17.5,24.3,1.23,
ENV-00508,2025-10-21,,0.0,14.5,21.8,1.31,
ENV-00509,2025-10-22,,0.0,17.2,23.2,1.33,
ENV-00510,2025-10-23,,0.0,16.8,24.6,1.32,
ENV-00511,2025-10-24,,0.0,14.5,22.6,1.11,
ENV-00512,2025-10-25,,1.5,16.2,26.2,0.79,
ENV-00513,2025-10-26,,6.7,19.0,26.1,0.45,
ENV-00514,2025-10-27,,1.8,18.3,24.4,0.38,
ENV-00515,2025-10-28,,0.0,15.7,25.7,0.19,
ENV-00516,2025-10-29,,0.0,13.3,21.6,0.27,
ENV-00517,2025-10-30,,0.0,18.5,26.2,0.37,
ENV-00518,2025-10-31,,0.0,22.1,30.3,0.6,
ENV-00519,2025-11-01,,0.0,21.2,28.3,0.85,
ENV-00520,2025-11-02,,0.0,21.8,31.2,1.04,
ENV-00521,2025-11-03,,0.0,17.4,24.4,1.29,
ENV-00522,2025-11-04,,0.0,17.3,25.3,1.45,
ENV-00523,2025-11-05,,0.0,17.6,26.9,1.39,
ENV-00524,2025-11-06,,1.4,18.7,27.5,1.38,
ENV-00525,2025-11-07,,0.0,18.2,26.1,1.12,
ENV-00526,2025-11-08,,8.9,19.3,26.7,0.87,
ENV-00527,2025-11-09,,0.0,18.4,27.2,0.46,
ENV-00528,2025-11-10,,3.2,21.4,27.5,0.47,
ENV-00529,2025-11-11,,2.9,19.7,28.7,0.21,
ENV-00530,2025-11-12,,0.0,17.0,23.1,0.17,
ENV-00531,2025-11-13,,1.1,20.2,26.9,0.36,
ENV-00532,2025-11-14,,0.0,19.6,28.6,0.48,
ENV-00533,2025-11-15,,0.3,14.9,23.1,0.88,
ENV-00534,2025-11-16,,0.0,20.8,30.7,1.08,
ENV-00535,2025-11-17,,0.6,26.3,32.8,1.22,
ENV-00536,2025-11-18,,1.1,22.9,29.4,1.46,
ENV-00537,2025-11-19,,1.0,18.3,27.2,1.39,
ENV-00538,2025-11-20,,0.0,18.5,27.8,1.19,
ENV-00539,2025-11-21,,0.0,18.3,27.1,0.98,
ENV-00540,2025-11-22,,0.0,21.8,29.6,0.7,
ENV-00541,2025-11-23,,0.0,22.9,29.7,0.5,
ENV-00542,2025-11-24,,0.0,19.9,26.1,0.3,
ENV-00543,2025-11-25,,0.0,21.1,29.7,0.23,
ENV-00544,2025-11-26,,0.0,18.7,27.2,0.17,
ENV-00545,2025-11-27,,0.0,18.3,25.4,0.21,
ENV-00546,2025-11-28,,0.0,21.4,27.7,0.45,
ENV-00547,2025-11-29,,0.0,16.7,26.0,0.76,
ENV-00548,2025-11-30,,0.0,20.0,27.7,0.97,
ENV-00549,2025-12-01,,0.0,21.1,28.5,1.33,
ENV-00550,2025-12-02,,0.0,23.6,33.4,1.48,
ENV-00551,2025-12-03,,0.0,18.9,26.2,1.39,
ENV-00552,2025-12-04,,0.9,19.7,28.9,1.22,
ENV-00553,2025-12-05,,0.0,23.8,30.0,1.06,
ENV-00554,2025-12-06,,2.0,22.5,30.7,0.93,
ENV-00555,2025-12-07,,0.0,20.1,28.9,0.58,
ENV-00556,2025-12-08,,0.0,22.4,28.6,0.29,
ENV-00557,2025-12-09,,0.0,20.4,29.0,0.18,
ENV-00558,2025-12-10,,7.5,19.8,26.2,0.21,
ENV-00559,2025-12-11,,0.4,19.4,27.6,0.4,
ENV-00560,2025-12-12,,0.0,22.8,31.3,0.52,
ENV-00561,2025-12-13,,0.0,21.1,30.8,0.8,
ENV-00562,2025-12-14,,0.0,17.6,26.1,1.05,
ENV-00563,2025-12-15,,0.0,25.5,33.9,1.27,
ENV-00564,2025-12-16,,0.0,22.1,30.1,1.43,
ENV-00565,2025-12-17,,0.0,26.1,33.1,1.38,
ENV-00566,2025-12-18,,0.0,25.4,32.1,1.23,
ENV-00567,2025-12-19,,0.0,24.7,32.7,0.95,
ENV-00568,2025-12-20,,0.1,20.7,29.5,0.85,
ENV-00569,2025-12-21,,0.0,23.2,31.6,0.62,
ENV-00570,2025-12-22,,0.0,23.0,31.4,0.3,
ENV-00571,2025-12-23,,0.0,25.6,34.2,0.22,
ENV-00572,2025-12-24,,0.0,20.7,29.7,0.24,
ENV-00573,2025-12-25,,0.0,18.7,27.5,0.32,
ENV-00574,2025-12-26,,0.0,21.1,27.4,0.52,
ENV-00575,2025-12-27,,0.0,26.5,33.2,0.83,
ENV-00576,2025-12-28,,0.0,22.0,31.6,1.11,
ENV-00577,2025-12-29,,0.0,23.0,29.4,1.3,
ENV-00578,2025-12-30,,0.0,24.5,32.1,1.42,
ENV-00579,2025-12-31,,3.2,25.0,31.1,1.3,
ENV-00580,2026-01-01,,0.0,24.9,32.3,1.25,
ENV-00581,2026-01-02,,0.6,18.1,27.2,1.1,
ENV-00582,2026-01-03,,0.0,25.0,34.2,0.8,
ENV-00583,2026-01-04,,0.0,27.2,34.1,0.49,
ENV-00584,2026-01-05,,0.0,23.6,31.9,0.35,
ENV-00585,2026-01-06,,0.0,29.7,36.0,0.22,
ENV-00586,2026-01-07,,0.0,23.3,31.4,0.17,
ENV-00587,2026-01-08,,3.3,24.8,34.1,0.33,
ENV-00588,2026-01-09,,2.3,22.8,32.3,0.61,
ENV-00589,2026-01-10,,0.0,23.6,32.3,0.91,
ENV-00590,2026-01-11,,0.0,23.4,32.6,1.02,
ENV-00591,2026-01-12,,0.0,26.6,34.2,1.32,
ENV-00592,2026-01-13,,0.0,21.3,30.7,1.4,
ENV-00593,2026-01-14,,0.0,26.2,34.1,1.38,
ENV-00594,2026-01-15,,0.0,25.2,33.5,1.31,
ENV-00595,2026-01-16,,0.0,23.0,30.6,1.03,
ENV-00596,2026-01-17,,0.0,23.9,31.8,0.88,
ENV-00597,2026-01-18,,0.0,21.3,30.5,0.55,
ENV-00598,2026-01-19,,0.0,23.6,30.8,0.4,
ENV-00599,2026-01-20,,0.0,23.3,30.3,0.17,
ENV-00600,2026-01-21,,0.0,22.3,31.8,0.28,
ENV-00601,2026-01-22,,0.0,23.7,31.3,0.3,
ENV-00602,2026-01-23,,0.0,25.6,33.1,0.49,
ENV-00603,2026-01-24,,0.5,25.3,34.9,0.81,
ENV-00604,2026-01-25,,0.0,29.8,36.8,1.12,
ENV-00605,2026-01-26,,0.0,22.3,30.3,1.28,
ENV-00606,2026-01-27,,0.0,22.0,30.1,1.33,
ENV-00607,2026-01-28,,0.0,23.9,30.6,1.36,
ENV-00608,2026-01-29,,0.0,24.7,32.2,1.27,
ENV-00609,2026-01-30,,0.0,22.5,30.7,1.04,
ENV-00610,2026-01-31,,0.0,26.2,33.0,0.88,
ENV-00611,2026-02-01,,0.0,26.6,33.0,0.6,
ENV-00612,2026-02-02,,0.0,24.1,31.6,0.26,
ENV-00613,2026-02-03,,0.0,24.3,32.3,0.12,
ENV-00614,2026-02-04,,0.0,23.1,29.4,0.2,
ENV-00615,2026-02-05,,0.0,26.0,34.8,0.34,
ENV-00616,2026-02-06,,2.5,23.1,32.8,0.58,
ENV-00617,2026-02-07,,0.0,26.5,34.3,0.82,
ENV-00618,2026-02-08,,0.0,19.6,26.2,1.06,
ENV-00619,2026-02-09,,0.0,24.3,33.3,1.26,
ENV-00620,2026-02-10,,0.0,25.0,32.0,1.33,
