Dip_ID,Site_ID,Season,DateTime,Larvae_Count,Officer,Notes,Created_By,Created_Date
DIP-00001,ST-008,2023-24,2023-10-04 00:00,1,Officer A,,data_generator,2023-10-04
DIP-00002,ST-014,2023-24,2023-10-03 00:00,1,Officer E,,data_generator,2023-10-03
DIP-00003,ST-014,2023-24,2023-10-11 00:00,0,Officer B,,data_generator,2023-10-11
DIP-00004,ST-020,2023-24,2023-10-12 00:00,0,Officer E,,data_generator,2023-10-12
DIP-00005,ST-014,2023-24,2023-10-16 00:00,1,Officer A,,data_generator,2023-10-16
DIP-00006,ST-020,2023-24,2023-10-19 00:00,3,Officer E,,data_generator,2023-10-19
DIP-00007,ST-002,2023-24,2023-10-23 00:00,4,Officer B,,data_generator,2023-10-23
DIP-00008,ST-002,2023-24,2023-10-31 00:00,4,Officer E,,data_generator,2023-10-31
DIP-00009,ST-020,2023-24,2023-10-30 00:00,5,Officer D,,data_generator,2023-10-30
DIP-00010,ST-014,2023-24,2023-11-09 00:00,4,Officer C,,data_generator,2023-11-09
DIP-00011,ST-002,2023-24,2023-11-15 00:00,5,Officer F,,data_generator,2023-11-15
DIP-00012,ST-020,2023-24,2023-11-13 00:00,8,Officer D,,data_generator,2023-11-13
DIP-00013,ST-007,2023-24,2023-11-23 00:00,4,Officer C,,data_generator,2023-11-23
DIP-00014,ST-008,2023-24,2023-11-19 00:00,11,Officer D,,data_generator,2023-11-19
DIP-00015,ST-019,2023-24,2023-11-27 00:00,16,Officer D,,data_generator,2023-11-27
DIP-00016,ST-020,2023-24,2023-11-26 00:00,8,Officer F,,data_generator,2023-11-26
DIP-00017,ST-022,2023-24,2023-11-29 00:00,3,Officer D,,data_generator,2023-11-29
DIP-00018,ST-002,2023-24,2023-12-05 00:00,12,Officer D,,data_generator,2023-12-05
DIP-00019,ST-007,2023-24,2023-12-04 00:00,2,Officer C,,data_generator,2023-12-04
DIP-00020,ST-011,2023-24,2023-12-07 00:00,1,Officer E,,data_generator,2023-12-07
DIP-00021,ST-020,2023-24,2023-12-07 00:00,12,Officer B,,data_generator,2023-12-07
DIP-00022,ST-012,2023-24,2023-12-13 00:00,2,Officer E,,data_generator,2023-12-13
DIP-00023,ST-014,2023-24,2023-12-14 00:00,14,Officer E,,data_generator,2023-12-14
DIP-00024,ST-020,2023-24,2023-12-10 00:00,12,Officer B,,data_generator,2023-12-10
DIP-00025,ST-014,2023-24,2023-12-19 00:00,11,Officer A,,data_generator,2023-12-19
DIP-00026,ST-020,2023-24,2023-12-20 00:00,16,Officer D,,data_generator,2023-12-20
DIP-00027,ST-007,2023-24,2023-12-31 00:00,1,Officer C,,data_generator,2023-12-31
DIP-00028,ST-019,2023-24,2024-01-03 00:00,5,Officer F,,data_generator,2024-01-03
DIP-00029,ST-014,2023-24,2024-01-07 00:00,12,Officer B,,data_generator,2024-01-07
DIP-00030,ST-016,2023-24,2024-01-11 00:00,4,Officer E,,data_generator,2024-01-11
DIP-00031,ST-017,2023-24,2024-01-11 00:00,6,Officer B,,data_generator,2024-01-11
DIP-00032,ST-002,2023-24,2024-01-17 00:00,14,Officer F,,data_generator,2024-01-17
DIP-00033,ST-014,2023-24,2024-01-14 00:00,12,Officer D,,data_generator,2024-01-14
DIP-00034,ST-008,2023-24,2024-01-25 00:00,4,Officer B,,data_generator,2024-01-25
DIP-00035,ST-012,2023-24,2024-01-25 00:00,6,Officer E,,data_generator,2024-01-25
DIP-00036,ST-002,2023-24,2024-01-31 00:00,19,Officer D,,data_generator,2024-01-31
DIP-00037,ST-014,2023-24,2024-01-30 00:00,15,Officer C,,data_generator,2024-01-30
DIP-00038,ST-017,2023-24,2024-01-30 00:00,4,Officer F,,data_generator,2024-01-30
DIP-00039,ST-019,2023-24,2024-01-31 00:00,4,Officer E,,data_generator,2024-01-31
DIP-00040,ST-020,2023-24,2024-01-31 00:00,13,Officer E,,data_generator,2024-01-31
DIP-00041,ST-002,2023-24,2024-02-04 00:00,11,Officer D,,data_generator,2024-02-04
DIP-00042,ST-020,2023-24,2024-02-05 00:00,12,Officer B,,data_generator,2024-02-05
DIP-00043,ST-002,2023-24,2024-02-13 00:00,15,Officer A,,data_generator,2024-02-13
DIP-00044,ST-007,2023-24,2024-02-13 00:00,2,Officer B,,data_generator,2024-02-13
DIP-00045,ST-014,2023-24,2024-02-12 00:00,9,Officer B,,data_generator,2024-02-12
DIP-00046,ST-020,2023-24,2024-02-12 00:00,7,Officer C,,data_generator,2024-02-12
DIP-00047,ST-002,2023-24,2024-02-20 00:00,9,Officer C,,data_generator,2024-02-20
DIP-00048,ST-016,2023-24,2024-02-21 00:00,3,Officer E,,data_generator,2024-02-21
DIP-00049,ST-020,2023-24,2024-02-18 00:00,12,Officer C,,data_generator,2024-02-18
DIP-00050,ST-002,2023-24,2024-02-26 00:00,12,Officer D,,data_generator,2024-02-26
DIP-00051,ST-003,2023-24,2024-02-25 00:00,4,Officer C,,data_generator,2024-02-25
DIP-00052,ST-005,2023-24,2024-02-25 00:00,1,Officer A,,data_generator,2024-02-25
DIP-00053,ST-006,2023-24,2024-02-27 00:00,8,Officer F,,data_generator,2024-02-27
DIP-00054,ST-014,2023-24,2024-02-26 00:00,16,Officer C,,data_generator,2024-02-26
DIP-00055,ST-014,2023-24,2024-03-03 00:00,10,Officer F,,data_generator,2024-03-03
DIP-00056,ST-020,2023-24,2024-03-04 00:00,17,Officer A,,data_generator,2024-03-04
DIP-00057,ST-002,2023-24,2024-03-10 00:00,13,Officer D,,data_generator,2024-03-10
DIP-00058,ST-020,2023-24,2024-03-14 00:00,8,Officer E,,data_generator,2024-03-14
DIP-00059,ST-002,2023-24,2024-03-17 00:00,13,Officer D,,data_generator,2024-03-17
DIP-00060,ST-014,2023-24,2024-03-20 00:00,19,Officer D,,data_generator,2024-03-20
DIP-00061,ST-002,2023-24,2024-03-26 00:00,6,Officer B,,data_generator,2024-03-26
DIP-00062,ST-014,2023-24,2024-03-27 00:00,9,Officer D,,data_generator,2024-03-27
DIP-00063,ST-020,2023-24,2024-03-25 00:00,9,Officer C,,data_generator,2024-03-25
DIP-00064,ST-001,2023-24,2024-04-03 00:00,1,Officer E,,data_generator,2024-04-03
DIP-00065,ST-010,2023-24,2024-04-01 00:00,2,Officer B,,data_generator,2024-04-01
DIP-00066,ST-012,2023-24,2024-04-02 00:00,4,Officer D,,data_generator,2024-04-02
DIP-00067,ST-014,2023-24,2024-03-31 00:00,11,Officer F,,data_generator,2024-03-31
DIP-00068,ST-020,2023-24,2024-04-01 00:00,7,Officer D,,data_generator,2024-04-01
DIP-00069,ST-002,2023-24,2024-04-09 00:00,7,Officer D,,data_generator,2024-04-09
DIP-00070,ST-011,2023-24,2024-04-09 00:00,2,Officer B,,data_generator,2024-04-09
DIP-00071,ST-019,2023-24,2024-04-08 00:00,2,Officer B,,data_generator,2024-04-08
DIP-00072,ST-002,2023-24,2024-04-17 00:00,7,Officer A,,data_generator,2024-04-17
DIP-00073,ST-015,2023-24,2024-04-14 00:00,2,Officer E,,data_generator,2024-04-14
DIP-00074,ST-020,2023-24,2024-04-14 00:00,6,Officer E,,data_generator,2024-04-14
DIP-00075,ST-002,2023-24,2024-04-24 00:00,13,Officer E,,data_generator,2024-04-24
DIP-00076,ST-007,2023-24,2024-04-24 00:00,0,Officer C,,data_generator,2024-04-24
DIP-00077,ST-016,2023-24,2024-04-22 00:00,0,Officer B,,data_generator,2024-04-22
DIP-00078,ST-020,2023-24,2024-04-21 00:00,9,Officer D,,data_generator,2024-04-21
DIP-00079,ST-022,2023-24,2024-04-24 00:00,5,Officer C,,data_generator,2024-04-24
DIP-00080,ST-014,2023-24,2024-05-01 00:00,4,Officer F,,data_generator,2024-05-01
DIP-00081,ST-002,2023-24,2024-05-05 00:00,6,Officer B,,data_generator,2024-05-05
DIP-00082,ST-014,2023-24,2024-05-07 00:00,5,Officer D,,data_generator,2024-05-07
DIP-00083,ST-020,2023-24,2024-05-08 00:00,3,Officer A,,data_generator,2024-05-08
DIP-00084,ST-001,2023-24,2024-05-15 00:00,1,Officer E,,data_generator,2024-05-15
DIP-00085,ST-002,2023-24,2024-05-15 00:00,1,Officer A,,data_generator,2024-05-15
DIP-00086,ST-006,2023-24,2024-05-16 00:00,1,Officer B,,data_generator,2024-05-16
DIP-00087,ST-002,2023-24,2024-05-21 00:00,1,Officer F,,data_generator,2024-05-21
DIP-00088,ST-007,2023-24,2024-05-19 00:00,0,Officer C,,data_generator,2024-05-19
DIP-00089,ST-012,2023-24,2024-05-23 00:00,0,Officer D,,data_generator,2024-05-23
DIP-00090,ST-002,2024-25,2024-10-01 00:00,0,Officer B,,data_generator,2024-10-01
DIP-00091,ST-012,2024-25,2024-10-01 00:00,1,Officer F,,data_generator,2024-10-01
DIP-00092,ST-019,2024-25,2024-10-03 00:00,0,Officer F,,data_generator,2024-10-03
DIP-00093,ST-002,2024-25,2024-10-12 00:00,1,Officer C,,data_generator,2024-10-12
DIP-00094,ST-014,2024-25,2024-10-08 00:00,1,Officer A,,data_generator,2024-10-08
DIP-00095,ST-018,2024-25,2024-10-11 00:00,0,Officer F,,data_generator,2024-10-11
DIP-00096,ST-020,2024-25,2024-10-09 00:00,1,Officer B,,data_generator,2024-10-09
DIP-00097,ST-014,2024-25,2024-10-19 00:00,5,Officer E,,data_generator,2024-10-19
DIP-00098,ST-018,2024-25,2024-10-18 00:00,1,Officer C,,data_generator,2024-10-18
DIP-00099,ST-002,2024-25,2024-10-23 00:00,3,Officer B,,data_generator,2024-10-23
DIP-00100,ST-018,2024-25,2024-10-22 00:00,3,Officer F,,data_generator,2024-10-22
DIP-00101,ST-014,2024-25,2024-11-01 00:00,1,Officer F,,data_generator,2024-11-01
DIP-00102,ST-016,2024-25,2024-11-01 00:00,1,Officer C,,data_generator,2024-11-01
DIP-00103,ST-022,2024-25,2024-11-01 00:00,0,Officer D,,data_generator,2024-11-01
DIP-00104,ST-008,2024-25,2024-11-09 00:00,2,Officer E,,data_generator,2024-11-09
DIP-00105,ST-014,2024-25,2024-11-08 00:00,11,Officer A,,data_generator,2024-11-08
DIP-00106,ST-020,2024-25,2024-11-08 00:00,9,Officer F,,data_generator,2024-11-08
DIP-00107,ST-002,2024-25,2024-11-12 00:00,13,Officer C,,data_generator,2024-11-12
DIP-00108,ST-015,2024-25,2024-11-15 00:00,0,Officer C,,data_generator,2024-11-15
DIP-00109,ST-020,2024-25,2024-11-14 00:00,11,Officer B,,data_generator,2024-11-14
DIP-00110,ST-014,2024-25,2024-11-21 00:00,6,Officer B,,data_generator,2024-11-21
DIP-00111,ST-020,2024-25,2024-11-19 00:00,3,Officer F,,data_generator,2024-11-19
DIP-00112,ST-002,2024-25,2024-11-27 00:00,16,Officer E,,data_generator,2024-11-27
DIP-00113,ST-014,2024-25,2024-11-26 00:00,10,Officer F,,data_generator,2024-11-26
DIP-00114,ST-017,2024-25,2024-11-26 00:00,1,Officer F,,data_generator,2024-11-26
DIP-00115,ST-014,2024-25,2024-12-05 00:00,11,Officer B,,data_generator,2024-12-05
DIP-00116,ST-001,2024-25,2024-12-13 00:00,5,Officer D,,data_generator,2024-12-13
DIP-00117,ST-014,2024-25,2024-12-10 00:00,12,Officer A,,data_generator,2024-12-10
DIP-00118,ST-002,2024-25,2024-12-20 00:00,15,Officer E,,data_generator,2024-12-20
DIP-00119,ST-014,2024-25,2024-12-20 00:00,14,Officer E,,data_generator,2024-12-20
DIP-00120,ST-002,2024-25,2024-12-24 00:00,14,Officer E,,data_generator,2024-12-24
DIP-00121,ST-021,2024-25,2024-12-24 00:00,5,Officer F,,data_generator,2024-12-24
DIP-00122,ST-002,2024-25,2025-01-04 00:00,12,Officer B,,data_generator,2025-01-04
DIP-00123,ST-012,2024-25,2025-01-01 00:00,5,Officer D,,data_generator,2025-01-01
DIP-00124,ST-008,2024-25,2025-01-07 00:00,3,Officer C,,data_generator,2025-01-07
DIP-00125,ST-015,2024-25,2025-01-11 00:00,4,Officer B,,data_generator,2025-01-11
DIP-00126,ST-020,2024-25,2025-01-08 00:00,15,Officer D,,data_generator,2025-01-08
DIP-00127,ST-001,2024-25,2025-01-16 00:00,2,Officer D,,data_generator,2025-01-16
DIP-00128,ST-002,2024-25,2025-01-18 00:00,13,Officer B,,data_generator,2025-01-18
DIP-00129,ST-015,2024-25,2025-01-17 00:00,4,Officer A,,data_generator,2025-01-17
DIP-00130,ST-005,2024-25,2025-01-23 00:00,4,Officer E,,data_generator,2025-01-23
DIP-00131,ST-007,2024-25,2025-01-22 00:00,4,Officer F,,data_generator,2025-01-22
DIP-00132,ST-020,2024-25,2025-01-24 00:00,14,Officer E,,data_generator,2025-01-24
DIP-00133,ST-002,2024-25,2025-01-29 00:00,11,Officer B,,data_generator,2025-01-29
DIP-00134,ST-003,2024-25,2025-01-28 00:00,2,Officer A,,data_generator,2025-01-28
DIP-00135,ST-005,2024-25,2025-01-29 00:00,2,Officer B,,data_generator,2025-01-29
DIP-00136,ST-010,2024-25,2025-01-31 00:00,5,Officer C,,data_generator,2025-01-31
DIP-00137,ST-012,2024-25,2025-02-01 00:00,0,Officer D,,data_generator,2025-02-01
DIP-00138,ST-019,2024-25,2025-01-29 00:00,6,Officer F,,data_generator,2025-01-29
DIP-00139,ST-021,2024-25,2025-01-31 00:00,5,Officer F,,data_generator,2025-01-31
DIP-00140,ST-007,2024-25,2025-02-04 00:00,4,Officer D,,data_generator,2025-02-04
DIP-00141,ST-014,2024-25,2025-02-04 00:00,28,Officer F,,data_generator,2025-02-04
DIP-00142,ST-015,2024-25,2025-02-06 00:00,3,Officer F,,data_generator,2025-02-06
DIP-00143,ST-002,2024-25,2025-02-15 00:00,9,Officer C,,data_generator,2025-02-15
DIP-00144,ST-008,2024-25,2025-02-12 00:00,3,Officer E,,data_generator,2025-02-12
DIP-00145,ST-014,2024-25,2025-02-22 00:00,14,Officer E,,data_generator,2025-02-22
DIP-00146,ST-018,2024-25,2025-02-18 00:00,3,Officer C,,data_generator,2025-02-18
DIP-00147,ST-010,2024-25,2025-02-27 00:00,4,Officer D,,data_generator,2025-02-27
DIP-00148,ST-014,2024-25,2025-03-01 00:00,16,Officer A,,data_generator,2025-03-01
DIP-00149,ST-020,2024-25,2025-02-27 00:00,14,Officer B,,data_generator,2025-02-27
DIP-00150,ST-002,2024-25,2025-03-06 00:00,14,Officer D,,data_generator,2025-03-06
DIP-00151,ST-008,2024-25,2025-03-07 00:00,7,Officer C,,data_generator,2025-03-07
DIP-00152,ST-014,2024-25,2025-03-05 00:00,8,Officer C,,data_generator,2025-03-05
DIP-00153,ST-018,2024-25,2025-03-06 00:00,2,Officer B,,data_generator,2025-03-06
DIP-00154,ST-020,2024-25,2025-03-08 00:00,15,Officer A,,data_generator,2025-03-08
DIP-00155,ST-014,2024-25,2025-03-11 00:00,13,Officer F,,data_generator,2025-03-11
DIP-00156,ST-020,2024-25,2025-03-14 00:00,12,Officer B,,data_generator,2025-03-14
DIP-00157,ST-002,2024-25,2025-03-20 00:00,13,Officer F,,data_generator,2025-03-20
DIP-00158,ST-005,2024-25,2025-03-22 00:00,0,Officer B,,data_generator,2025-03-22
DIP-00159,ST-009,2024-25,2025-03-21 00:00,6,Officer B,,data_generator,2025-03-21
DIP-00160,ST-014,2024-25,2025-03-20 00:00,11,Officer C,,data_generator,2025-03-20
DIP-00161,ST-002,2024-25,2025-03-26 00:00,18,Officer D,,data_generator,2025-03-26
DIP-00162,ST-014,2024-25,2025-03-29 00:00,20,Officer C,,data_generator,2025-03-29
DIP-00163,ST-020,2024-25,2025-03-26 00:00,9,Officer C,,data_generator,2025-03-26
DIP-00164,ST-002,2024-25,2025-04-05 00:00,7,Officer D,,data_generator,2025-04-05
DIP-00165,ST-008,2024-25,2025-04-02 00:00,2,Officer F,,data_generator,2025-04-02
DIP-00166,ST-017,2024-25,2025-04-05 00:00,0,Officer C,,data_generator,2025-04-05
DIP-00167,ST-020,2024-25,2025-04-05 00:00,5,Officer E,,data_generator,2025-04-05
DIP-00168,ST-021,2024-25,2025-04-05 00:00,2,Officer B,,data_generator,2025-04-05
DIP-00169,ST-014,2024-25,2025-04-10 00:00,7,Officer D,,data_generator,2025-04-10
DIP-00170,ST-018,2024-25,2025-04-11 00:00,0,Officer E,,data_generator,2025-04-11
DIP-00171,ST-020,2024-25,2025-04-08 00:00,6,Officer C,,data_generator,2025-04-08
DIP-00172,ST-014,2024-25,2025-04-19 00:00,3,Officer B,,data_generator,2025-04-19
DIP-00173,ST-016,2024-25,2025-04-17 00:00,0,Officer A,,data_generator,2025-04-17
DIP-00174,ST-002,2024-25,2025-04-25 00:00,5,Officer F,,data_generator,2025-04-25
DIP-00175,ST-010,2024-25,2025-04-25 00:00,1,Officer B,,data_generator,2025-04-25
DIP-00176,ST-012,2024-25,2025-04-23 00:00,1,Officer D,,data_generator,2025-04-23
DIP-00177,ST-020,2024-25,2025-04-26 00:00,6,Officer E,,data_generator,2025-04-26
DIP-00178,ST-002,2024-25,2025-05-01 00:00,5,Officer A,,data_generator,2025-05-01
DIP-00179,ST-005,2024-25,2025-05-02 00:00,5,Officer B,,data_generator,2025-05-02
DIP-00180,ST-014,2024-25,2025-04-29 00:00,9,Officer C,,data_generator,2025-04-29
DIP-00181,ST-019,2024-25,2025-05-02 00:00,3,Officer A,,data_generator,2025-05-02
DIP-00182,ST-020,2024-25,2025-05-03 00:00,7,Officer D,,data_generator,2025-05-03
DIP-00183,ST-007,2024-25,2025-05-06 00:00,0,Officer D,,data_generator,2025-05-06
DIP-00184,ST-014,2024-25,2025-05-10 00:00,7,Officer C,,data_generator,2025-05-10
DIP-00185,ST-002,2024-25,2025-05-15 00:00,2,Officer E,,data_generator,2025-05-15
DIP-00186,ST-009,2024-25,2025-05-14 00:00,0,Officer A,,data_generator,2025-05-14
DIP-00187,ST-014,2024-25,2025-05-14 00:00,0,Officer C,,data_generator,2025-05-14
DIP-00188,ST-016,2024-25,2025-05-16 00:00,2,Officer A,,data_generator,2025-05-16
DIP-00189,ST-005,2024-25,2025-05-23 00:00,0,Officer D,,data_generator,2025-05-23
DIP-00190,ST-018,2024-25,2025-05-24 00:00,0,Officer E,,data_generator,2025-05-24
DIP-00191,ST-001,2025-26,2025-10-03 00:00,0,Officer F,,data_generator,2025-10-03
DIP-00192,ST-002,2025-26,2025-10-01 00:00,0,Officer D,,data_generator,2025-10-01
DIP-00193,ST-010,2025-26,2025-10-02 00:00,0,Officer D,,data_generator,2025-10-02
DIP-00194,ST-014,2025-26,2025-10-02 00:00,2,Officer A,,data_generator,2025-10-02
DIP-00195,ST-019,2025-26,2025-10-02 00:00,1,Officer B,,data_generator,2025-10-02
DIP-00196,ST-020,2025-26,2025-10-01 00:00,0,Officer E,,data_generator,2025-10-01
DIP-00197,ST-010,2025-26,2025-10-12 00:00,1,Officer D,,data_generator,2025-10-12
DIP-00198,ST-014,2025-26,2025-10-12 00:00,0,Officer C,,data_generator,2025-10-12
DIP-00199,ST-020,2025-26,2025-10-10 00:00,0,Officer F,,data_generator,2025-10-10
DIP-00200,ST-022,2025-26,2025-10-12 00:00,1,Officer E,,data_generator,2025-10-12
DIP-00201,ST-002,2025-26,2025-10-16 00:00,0,Officer B,,data_generator,2025-10-16
DIP-00202,ST-016,2025-26,2025-10-19 00:00,0,Officer E,,data_generator,2025-10-19
DIP-00203,ST-020,2025-26,2025-10-18 00:00,0,Officer D,,data_generator,2025-10-18
DIP-00204,ST-002,2025-26,2025-10-25 00:00,2,Officer C,,data_generator,2025-10-25
DIP-00205,ST-008,2025-26,2025-10-25 00:00,2,Officer E,,data_generator,2025-10-25
DIP-00206,ST-014,2025-26,2025-10-26 00:00,4,Officer A,,data_generator,2025-10-26
DIP-00207,ST-020,2025-26,2025-10-24 00:00,6,Officer B,,data_generator,2025-10-24
DIP-00208,ST-021,2025-26,2025-10-26 00:00,2,Officer D,,data_generator,2025-10-26
DIP-00209,ST-002,2025-26,2025-10-29 00:00,5,Officer E,,data_generator,2025-10-29
DIP-00210,ST-014,2025-26,2025-11-02 00:00,5,Officer B,,data_generator,2025-11-02
DIP-00211,ST-002,2025-26,2025-11-08 00:00,8,Officer E,,data_generator,2025-11-08
DIP-00212,ST-014,2025-26,2025-11-05 00:00,12,Officer D,,data_generator,2025-11-05
DIP-00213,ST-014,2025-26,2025-11-12 00:00,8,Officer C,,data_generator,2025-11-12
DIP-00214,ST-020,2025-26,2025-11-15 00:00,5,Officer C,,data_generator,2025-11-15
DIP-00215,ST-002,2025-26,2025-11-23 00:00,14,Officer A,,data_generator,2025-11-23
DIP-00216,ST-020,2025-26,2025-11-22 00:00,6,Officer C,,data_generator,2025-11-22
DIP-00217,ST-001,2025-26,2025-11-28 00:00,5,Officer A,,data_generator,2025-11-28
DIP-00218,ST-002,2025-26,2025-11-30 00:00,11,Officer D,,data_generator,2025-11-30
DIP-00219,ST-008,2025-26,2025-11-30 00:00,9,Officer B,,data_generator,2025-11-30
DIP-00220,ST-014,2025-26,2025-11-27 00:00,12,Officer C,,data_generator,2025-11-27
DIP-00221,ST-020,2025-26,2025-11-27 00:00,10,Officer F,,data_generator,2025-11-27
DIP-00222,ST-020,2025-26,2025-12-03 00:00,11,Officer A,,data_generator,2025-12-03
DIP-00223,ST-017,2025-26,2025-12-13 00:00,3,Officer F,,data_generator,2025-12-13
DIP-00224,ST-019,2025-26,2025-12-11 00:00,17,Officer E,,data_generator,2025-12-11
DIP-00225,ST-020,2025-26,2025-12-14 00:00,17,Officer C,,data_generator,2025-12-14
DIP-00226,ST-002,2025-26,2025-12-17 00:00,13,Officer D,,data_generator,2025-12-17
DIP-00227,ST-014,2025-26,2025-12-21 00:00,2,Officer B,,data_generator,2025-12-21
DIP-00228,ST-002,2025-26,2025-12-27 00:00,16,Officer B,,data_generator,2025-12-27
DIP-00229,ST-020,2025-26,2025-12-28 00:00,7,Officer D,,data_generator,2025-12-28
DIP-00230,ST-002,2025-26,2026-01-01 00:00,15,Officer E,,data_generator,2026-01-01
DIP-00231,ST-014,2025-26,2026-01-04 00:00,13,Officer A,,data_generator,2026-01-04
DIP-00232,ST-014,2025-26,2026-01-10 00:00,15,Officer A,,data_generator,2026-01-10
DIP-00233,ST-002,2025-26,2026-01-15 00:00,16,Officer E,,data_generator,2026-01-15
DIP-00234,ST-014,2025-26,2026-01-14 00:00,10,Officer F,,data_generator,2026-01-14
DIP-00235,ST-020,2025-26,2026-01-16 00:00,11,Officer D,,data_generator,2026-01-16
DIP-00236,ST-010,2025-26,2026-01-24 00:00,6,Officer A,,data_generator,2026-01-24
DIP-00237,ST-014,2025-26,2026-01-25 00:00,14,Officer B,,data_generator,2026-01-25
DIP-00238,ST-020,2025-26,2026-01-21 00:00,16,Officer F,,data_generator,2026-01-21
DIP-00239,ST-002,2025-26,2026-02-01 00:00,14,Officer A,,data_generator,2026-02-01
DIP-00240,ST-014,2025-26,2026-01-30 00:00,9,Officer B,,data_generator,2026-01-30
