Observation_ID,Site_ID,Season,DateTime,Officer,Observation_Category,Notes,Created_By,Created_Date
OBS-00001,ST-013,2023-24,2024-02-04 00:00,Officer C,Standing water observed,Sample field observation note.,data_generator,2024-02-04
OBS-00002,ST-007,2023-24,2024-04-25 00:00,Officer D,Larvae dip / inspection,Sample field observation note.,data_generator,2024-04-25
OBS-00003,ST-013,2023-24,2023-12-17 00:00,Officer C,Follow-up required,Sample field observation note.,data_generator,2023-12-17
OBS-00004,ST-006,2023-24,2024-02-23 00:00,Officer F,Follow-up required,Sample field observation note.,data_generator,2024-02-23
OBS-00005,ST-010,2023-24,2023-12-07 00:00,Officer D,Environmental change,Sample field observation note.,data_generator,2023-12-07
OBS-00006,ST-017,2023-24,2023-10-18 00:00,Officer D,Standing water observed,Sample field observation note.,data_generator,2023-10-18
OBS-00007,ST-022,2023-24,2024-04-30 00:00,Officer E,Breeding habitat present,Sample field observation note.,data_generator,2024-04-30
OBS-00008,ST-017,2023-24,2024-01-17 00:00,Officer D,Access issue,Sample field observation note.,data_generator,2024-01-17
OBS-00009,ST-011,2023-24,2024-05-01 00:00,Officer B,Treatment access restricted,Sample field observation note.,data_generator,2024-05-01
OBS-00010,ST-008,2023-24,2023-11-13 00:00,Officer C,Environmental change,Sample field observation note.,data_generator,2023-11-13
OBS-00011,ST-002,2023-24,2023-11-19 00:00,Officer E,Breeding habitat present,Sample field observation note.,data_generator,2023-11-19
OBS-00012,ST-009,2023-24,2024-03-12 00:00,Officer E,Larvae dip / inspection,Sample field observation note.,data_generator,2024-03-12
OBS-00013,ST-005,2023-24,2024-04-01 00:00,Officer E,Standing water observed,Sample field observation note.,data_generator,2024-04-01
OBS-00014,ST-020,2023-24,2023-12-15 00:00,Officer C,Follow-up required,Sample field observation note.,data_generator,2023-12-15
OBS-00015,ST-013,2023-24,2023-12-06 00:00,Officer B,Equipment issue,Sample field observation note.,data_generator,2023-12-06
OBS-00016,ST-005,2023-24,2024-01-23 00:00,Officer E,Larvae dip / inspection,Sample field observation note.,data_generator,2024-01-23
OBS-00017,ST-019,2023-24,2023-12-27 00:00,Officer B,Larvae dip / inspection,Sample field observation note.,data_generator,2023-12-27
OBS-00018,ST-010,2024-25,2025-05-07 00:00,Officer E,Treatment access restricted,Sample field observation note.,data_generator,2025-05-07
OBS-00019,ST-006,2024-25,2024-10-20 00:00,Officer D,Standing water observed,Sample field observation note.,data_generator,2024-10-20
OBS-00020,ST-008,2024-25,2025-03-14 00:00,Officer A,Larvae dip / inspection,Sample field observation note.,data_generator,2025-03-14
OBS-00021,ST-011,2024-25,2025-04-29 00:00,Officer B,Treatment access restricted,Sample field observation note.,data_generator,2025-04-29
OBS-00022,ST-022,2024-25,2025-03-03 00:00,Officer E,Equipment issue,Sample field observation note.,data_generator,2025-03-03
OBS-00023,ST-017,2024-25,2024-12-28 00:00,Officer C,Standing water observed,Sample field observation note.,data_generator,2024-12-28
OBS-00024,ST-007,2024-25,2024-10-16 00:00,Officer B,Equipment issue,Sample field observation note.,data_generator,2024-10-16
OBS-00025,ST-006,2024-25,2025-01-24 00:00,Officer D,Access issue,Sample field observation note.,data_generator,2025-01-24
OBS-00026,ST-019,2024-25,2025-04-05 00:00,Officer B,Standing water observed,Sample field observation note.,data_generator,2025-04-05
OBS-00027,ST-001,2024-25,2024-12-10 00:00,Officer A,Standing water observed,Sample field observation note.,data_generator,2024-12-10
OBS-00028,ST-011,2024-25,2025-02-05 00:00,Officer A,Environmental change,Sample field observation note.,data_generator,2025-02-05
OBS-00029,ST-010,2024-25,2024-11-18 00:00,Officer A,Follow-up required,Sample field observation note.,data_generator,2024-11-18
OBS-00030,ST-003,2024-25,2024-11-18 00:00,Officer E,Equipment issue,Sample field observation note.,data_generator,2024-11-18
OBS-00031,ST-022,2024-25,2024-10-10 00:00,Officer B,Equipment issue,Sample field observation note.,data_generator,2024-10-10
OBS-00032,ST-006,2024-25,2025-01-01 00:00,Officer B,Follow-up required,Sample field observation note.,data_generator,2025-01-01
OBS-00033,ST-018,2024-25,2025-04-14 00:00,Officer D,Treatment access restricted,Sample field observation note.,data_generator,2025-04-14
OBS-00034,ST-013,2024-25,2024-10-17 00:00,Officer D,Breeding habitat present,Sample field observation note.,data_generator,2024-10-17
OBS-00035,ST-021,2024-25,2024-11-14 00:00,Officer A,Larvae dip / inspection,Sample field observation note.,data_generator,2024-11-14
OBS-00036,ST-005,2024-25,2025-02-03 00:00,Officer C,Breeding habitat present,Sample field observation note.,data_generator,2025-02-03
OBS-00037,ST-012,2024-25,2025-03-27 00:00,Officer A,Equipment issue,Sample field observation note.,data_generator,2025-03-27
OBS-00038,ST-008,2025-26,2025-12-29 00:00,Officer F,Larvae dip / inspection,Sample field observation note.,data_generator,2025-12-29
OBS-00039,ST-015,2025-26,2026-02-02 00:00,Officer E,Environmental change,Sample field observation note.,data_generator,2026-02-02
OBS-00040,ST-003,2025-26,2026-01-21 00:00,Officer B,Equipment issue,Sample field observation note.,data_generator,2026-01-21
OBS-00041,ST-015,2025-26,2025-11-17 00:00,Officer E,Equipment issue,Sample field observation note.,data_generator,2025-11-17
OBS-00042,ST-017,2025-26,2026-02-03 00:00,Officer B,Follow-up required,Sample field observation note.,data_generator,2026-02-03
OBS-00043,ST-001,2025-26,2026-01-02 00:00,Officer A,Access issue,Sample field observation note.,data_generator,2026-01-02
OBS-00044,ST-006,2025-26,2026-01-18 00:00,Officer C,Treatment access restricted,Sample field observation note.,data_generator,2026-01-18
OBS-00045,ST-009,2025-26,2025-12-22 00:00,Officer F,Equipment issue,Sample field observation note.,data_generator,2025-12-22
OBS-00046,ST-003,2025-26,2025-12-08 00:00,Officer A,Access issue,Sample field observation note.,data_generator,2025-12-08
OBS-00047,ST-006,2025-26,2026-01-01 00:00,Officer F,Access issue,Sample field observation note.,data_generator,2026-01-01
OBS-00048,ST-021,2025-26,2025-11-05 00:00,Officer B,Access issue,Sample field observation note.,data_generator,2025-11-05
OBS-00049,ST-001,2025-26,2025-12-21 00:00,Officer C,Standing water observed,Sample field observation note.,data_generator,2025-12-21
OBS-00050,ST-013,2025-26,2025-11-15 00:00,Officer C,Larvae dip / inspection,Sample field observation note.,data_generator,2025-11-15
OBS-00051,ST-010,2025-26,2025-11-29 00:00,Officer E,Larvae dip / inspection,Sample field observation note.,data_generator,2025-11-29
OBS-00052,ST-017,2025-26,2025-12-05 00:00,Officer B,Access issue,Sample field observation note.,data_generator,2025-12-05
OBS-00053,ST-003,2025-26,2026-01-09 00:00,Officer E,Breeding habitat present,Sample field observation note.,data_generator,2026-01-09
OBS-00054,ST-021,2025-26,2026-02-05 00:00,Officer D,Breeding habitat present,Sample field observation note.,data_generator,2026-02-05
OBS-00055,ST-012,2025-26,2026-01-17 00:00,Officer D,Treatment access restricted,Sample field observation note.,data_generator,2026-01-17
OBS-00056,ST-013,2025-26,2026-01-20 00:00,Officer C,Access issue,Sample field observation note.,data_generator,2026-01-20
OBS-00057,ST-012,2025-26,2025-12-23 00:00,Officer F,Standing water observed,Sample field observation note.,data_generator,2025-12-23
OBS-00058,ST-021,2025-26,2026-01-15 00:00,Officer E,Access issue,Sample field observation note.,data_generator,2026-01-15
OBS-00059,ST-006,2025-26,2025-11-26 00:00,Officer B,Equipment issue,Sample field observation note.,data_generator,2025-11-26
OBS-00060,ST-017,2025-26,2025-12-03 00:00,Officer E,Follow-up required,Sample field observation note.,data_generator,2025-12-03
