Result_ID,Event_ID,Species_Code,Number_Collected,Notes
RES-000001,EVT-00001,ANOANN,1,
RES-000002,EVT-00002,CULGLO,1,
RES-000003,EVT-00002,AEDSAG,1,
RES-000004,EVT-00003,AEDVIG,1,
RES-000005,EVT-00005,AEDALB,1,
RES-000006,EVT-00007,AEDNOT,1,
RES-000007,EVT-00007,CULANN,6,
RES-000008,EVT-00007,CULQUI,1,
RES-000009,EVT-00007,CULMOL,1,
RES-000010,EVT-00008,AEDCAM,1,
RES-000011,EVT-00008,AEDALB,1,
RES-000012,EVT-00009,AEDVIG,1,
RES-000013,EVT-00009,CULANN,1,
RES-000014,EVT-00010,AEDNOT,1,
RES-000015,EVT-00010,AEDVIG,1,
RES-000016,EVT-00010,CULQUI,3,
RES-000017,EVT-00011,AEDNOT,1,
RES-000018,EVT-00011,AEDCAM,1,
RES-000019,EVT-00011,CULANN,1,
RES-000020,EVT-00011,CULQUI,1,
RES-000021,EVT-00011,AEDSAG,1,
RES-000022,EVT-00012,AEDCAM,1,
RES-000023,EVT-00014,AEDVIG,1,
RES-000024,EVT-00014,CULQUI,3,
RES-000025,EVT-00015,AEDVIG,1,
RES-000026,EVT-00015,CULANN,1,
RES-000027,EVT-00016,AEDNOT,4,
RES-000028,EVT-00016,AEDCAM,3,
RES-000029,EVT-00016,CULANN,5,
RES-000030,EVT-00016,CULQUI,1,
RES-000031,EVT-00016,CULGLO,1,
RES-000032,EVT-00017,AEDVIG,3,
RES-000033,EVT-00017,AEDCAM,1,
RES-000034,EVT-00017,CULANN,2,
RES-000035,EVT-00017,CULQUI,6,
RES-000036,EVT-00017,AEDALB,1,
RES-000037,EVT-00019,AEDNOT,1,
RES-000038,EVT-00019,AEDVIG,3,
RES-000039,EVT-00019,AEDCAM,1,
RES-000040,EVT-00019,CULANN,1,
RES-000041,EVT-00019,CULQUI,5,
RES-000042,EVT-00019,ANOANN,1,
RES-000043,EVT-00019,CULMOL,2,
RES-000044,EVT-00020,AEDCAM,4,
RES-000045,EVT-00020,CULANN,5,
RES-000046,EVT-00020,CULQUI,1,
RES-000047,EVT-00020,CULAUS,1,
RES-000048,EVT-00021,CULQUI,3,
RES-000049,EVT-00021,ANOANN,1,
RES-000050,EVT-00022,AEDVIG,2,
RES-000051,EVT-00022,CULANN,-3,
RES-000052,EVT-00022,CULQUI,4,
RES-000053,EVT-00022,CULAUS,2,
RES-000054,EVT-00023,AEDNOT,2,
RES-000055,EVT-00023,AEDVIG,4,
RES-000056,EVT-00023,AEDCAM,2,
RES-000057,EVT-00023,CULANN,3,
RES-000058,EVT-00023,CULQUI,5,
RES-000059,EVT-00023,AEDSAG,2,
RES-000060,EVT-00024,AEDNOT,4,
RES-000061,EVT-00024,AEDVIG,4,
RES-000062,EVT-00024,AEDCAM,2,
RES-000063,EVT-00024,CULANN,13,
RES-000064,EVT-00024,CULQUI,2,
RES-000065,EVT-00024,ANOANN,1,
RES-000066,EVT-00024,CULGLO,3,
RES-000067,EVT-00024,CULAUS,1,
RES-000068,EVT-00024,AEDSAG,1,
RES-000069,EVT-00025,AEDVIG,4,
RES-000070,EVT-00025,AEDCAM,1,
RES-000071,EVT-00025,CULANN,7,
RES-000072,EVT-00025,CULGLO,1,
RES-000073,EVT-00026,AEDNOT,3,
RES-000074,EVT-00026,CULANN,1,
RES-000075,EVT-00026,CULQUI,6,
RES-000076,EVT-00026,,1,
RES-000077,EVT-00026,AEDSAG,2,
RES-000078,EVT-00027,AEDNOT,3,
RES-000079,EVT-00027,AEDVIG,9,
RES-000080,EVT-00027,CULANN,4,
RES-000081,EVT-00027,CULQUI,17,
RES-000082,EVT-00027,ANOANN,3,
RES-000083,EVT-00027,AEDALB,1,
RES-000084,EVT-00027,AEDSAG,2,
RES-000085,EVT-00028,AEDNOT,2,
RES-000086,EVT-00028,AEDVIG,6,
RES-000087,EVT-00028,AEDCAM,4,
RES-000088,EVT-00028,CULANN,3,
RES-000089,EVT-00028,CULQUI,6,
RES-000090,EVT-00028,ANOANN,2,
RES-000091,EVT-00028,CULGLO,1,
RES-000092,EVT-00028,AEDSAG,1,
RES-000093,EVT-00029,AEDNOT,2,
RES-000094,EVT-00029,AEDVIG,2,
RES-000095,EVT-00029,CULANN,10,
RES-000096,EVT-00029,CULQUI,2,
RES-000097,EVT-00029,CULGLO,1,
RES-000098,EVT-00029,AEDSAG,2,
RES-000099,EVT-00030,AEDNOT,1,
RES-000100,EVT-00030,AEDCAM,1,
RES-000101,EVT-00030,CULANN,2,
RES-000102,EVT-00030,CULMOL,1,
RES-000103,EVT-00030,CULAUS,1,
RES-000104,EVT-00031,AEDNOT,2,
RES-000105,EVT-00031,AEDVIG,6,
RES-000106,EVT-00031,AEDCAM,2,
RES-000107,EVT-00031,CULANN,4,
RES-000108,EVT-00031,CULQUI,2,
RES-000109,EVT-00031,ANOANN,2,
RES-000110,EVT-00031,AEDSAG,1,
RES-000111,EVT-00032,AEDNOT,6,
RES-000112,EVT-00032,AEDVIG,7,
RES-000113,EVT-00032,AEDCAM,2,
RES-000114,EVT-00032,CULANN,5,
RES-000115,EVT-00032,CULQUI,10,
RES-000116,EVT-00032,ANOANN,1,
RES-000117,EVT-00032,CULGLO,1,
RES-000118,EVT-00032,AEDSAG,2,
RES-000119,EVT-00033,AEDVIG,1,
RES-000120,EVT-00033,CULANN,5,
RES-000121,EVT-00033,CULMOL,1,
RES-000122,EVT-00034,AEDNOT,2,
RES-000123,EVT-00034,AEDVIG,3,
RES-000124,EVT-00034,AEDCAM,2,
RES-000125,EVT-00034,CULANN,5,
RES-000126,EVT-00034,CULQUI,1,
RES-000127,EVT-00035,AEDNOT,5,
RES-000128,EVT-00035,AEDVIG,1,
RES-000129,EVT-00035,AEDCAM,2,
RES-000130,EVT-00035,CULANN,3,
RES-000131,EVT-00035,CULQUI,4,
RES-000132,EVT-00035,ANOANN,1,
RES-000133,EVT-00035,AEDALB,1,
RES-000134,EVT-00035,AEDSAG,1,
RES-000135,EVT-00036,AEDNOT,1,
RES-000136,EVT-00036,AEDCAM,1,
RES-000137,EVT-00036,AEDSAG,1,
RES-000138,EVT-00038,AEDNOT,2,
RES-000139,EVT-00038,AEDVIG,7,
RES-000140,EVT-00038,CULANN,8,
RES-000141,EVT-00038,CULQUI,1,
RES-000142,EVT-00038,CULGLO,1,
RES-000143,EVT-00038,CULMOL,2,
RES-000144,EVT-00038,AEDSAG,1,
RES-000145,EVT-00039,AEDCAM,2,
RES-000146,EVT-00039,CULANN,1,
RES-000147,EVT-00039,CULQUI,1,
RES-000148,EVT-00039,ANOANN,1,
RES-000149,EVT-00039,CULGLO,1,
RES-000150,EVT-00040,AEDVIG,2,
RES-000151,EVT-00040,AEDCAM,1,
RES-000152,EVT-00040,CULANN,3,
RES-000153,EVT-00040,CULQUI,4,
RES-000154,EVT-00040,AEDALB,1,
RES-000155,EVT-00040,AEDSAG,2,
RES-000156,EVT-00041,AEDNOT,2,
RES-000157,EVT-00041,AEDVIG,4,
RES-000158,EVT-00041,CULANN,4,
RES-000159,EVT-00041,CULQUI,5,
RES-000160,EVT-00041,AEDALB,1,
RES-000161,EVT-00041,CULMOL,1,
RES-000162,EVT-00041,AEDSAG,2,
RES-000163,EVT-00042,AEDNOT,2,
RES-000164,EVT-00042,CULANN,1,
RES-000165,EVT-00042,CULQUI,3,
RES-000166,EVT-00042,AEDALB,1,
RES-000167,EVT-00043,AEDVIG,5,
RES-000168,EVT-00043,CULANN,10,
RES-000169,EVT-00043,CULQUI,2,
RES-000170,EVT-00043,CULGLO,1,
RES-000171,EVT-00043,AEDSAG,2,
RES-000172,EVT-00044,AEDNOT,4,
RES-000173,EVT-00044,AEDVIG,1,
RES-000174,EVT-00044,AEDCAM,3,
RES-000175,EVT-00044,CULANN,2,
RES-000176,EVT-00044,CULQUI,5,
RES-000177,EVT-00044,ANOANN,1,
RES-000178,EVT-00044,AEDALB,1,
RES-000179,EVT-00044,AEDSAG,1,
RES-000180,EVT-00045,AEDVIG,1,
RES-000181,EVT-00045,CULQUI,3,
RES-000182,EVT-00046,AEDNOT,2,
RES-000183,EVT-00046,AEDVIG,5,
RES-000184,EVT-00046,AEDCAM,5,
RES-000185,EVT-00046,CULANN,4,
RES-000186,EVT-00046,CULQUI,7,
RES-000187,EVT-00046,CULGLO,2,
RES-000188,EVT-00046,AEDSAG,2,
RES-000189,EVT-00047,AEDVIG,2,
RES-000190,EVT-00047,AEDCAM,3,
RES-000191,EVT-00047,CULANN,17,
RES-000192,EVT-00047,CULQUI,3,
RES-000193,EVT-00047,ANOANN,1,
RES-000194,EVT-00047,AEDSAG,1,
RES-000195,EVT-00048,AEDVIG,1,
RES-000196,EVT-00048,AEDALB,1,
RES-000197,EVT-00049,AEDNOT,1,
RES-000198,EVT-00049,AEDVIG,3,
RES-000199,EVT-00049,AEDCAM,1,
RES-000200,EVT-00049,CULANN,3,
RES-000201,EVT-00049,CULQUI,6,
RES-000202,EVT-00049,AEDALB,1,
RES-000203,EVT-00049,CULMOL,3,
RES-000204,EVT-00049,AEDSAG,2,
RES-000205,EVT-00050,AEDNOT,1,
RES-000206,EVT-00050,CULQUI,9,
RES-000207,EVT-00050,CULMOL,1,
RES-000208,EVT-00050,CULAUS,1,
RES-000209,EVT-00050,AEDSAG,1,
RES-000210,EVT-00051,AEDVIG,3,
RES-000211,EVT-00051,CULANN,2,
RES-000212,EVT-00051,CULQUI,3,
RES-000213,EVT-00052,AEDNOT,1,
RES-000214,EVT-00052,AEDVIG,6,
RES-000215,EVT-00052,AEDCAM,3,
RES-000216,EVT-00052,CULANN,8,
RES-000217,EVT-00052,CULQUI,1,
RES-000218,EVT-00052,ANOANN,1,
RES-000219,EVT-00052,AEDALB,1,
RES-000220,EVT-00052,CULGLO,1,
RES-000221,EVT-00052,AEDSAG,1,
RES-000222,EVT-00053,AEDNOT,1,
RES-000223,EVT-00053,AEDVIG,7,
RES-000224,EVT-00053,AEDCAM,3,
RES-000225,EVT-00053,CULANN,2,
RES-000226,EVT-00053,CULQUI,11,
RES-000227,EVT-00053,ANOANN,1,
RES-000228,EVT-00053,AEDALB,3,
RES-000229,EVT-00053,CULGLO,2,
RES-000230,EVT-00053,CULMOL,2,
RES-000231,EVT-00053,AEDSAG,1,
RES-000232,EVT-00054,CULANN,2,
RES-000233,EVT-00054,CULQUI,2,
RES-000234,EVT-00055,AEDNOT,3,
RES-000235,EVT-00055,AEDVIG,5,
RES-000236,EVT-00055,AEDCAM,1,
RES-000237,EVT-00055,CULANN,5,
RES-000238,EVT-00055,CULQUI,13,
RES-000239,EVT-00055,ANOANN,1,
RES-000240,EVT-00055,AEDALB,1,
RES-000241,EVT-00055,AEDSAG,1,
RES-000242,EVT-00056,AEDNOT,1,
RES-000243,EVT-00056,AEDVIG,2,
RES-000244,EVT-00056,CULANN,7,
RES-000245,EVT-00056,CULQUI,1,
RES-000246,EVT-00056,CULMOL,3,
RES-000247,EVT-00056,AEDSAG,1,
RES-000248,EVT-00057,AEDVIG,3,
RES-000249,EVT-00057,AEDCAM,1,
RES-000250,EVT-00057,CULANN,1,
RES-000251,EVT-00058,AEDNOT,4,
RES-000252,EVT-00058,AEDVIG,1,
RES-000253,EVT-00058,AEDCAM,1,
RES-000254,EVT-00058,CULANN,6,
RES-000255,EVT-00058,CULQUI,9,
RES-000256,EVT-00058,ANOANN,1,
RES-000257,EVT-00058,AEDALB,1,
RES-000258,EVT-00058,CULMOL,4,
RES-000259,EVT-00058,AEDSAG,1,
RES-000260,EVT-00059,AEDNOT,2,
RES-000261,EVT-00059,AEDVIG,4,
RES-000262,EVT-00059,AEDCAM,3,
RES-000263,EVT-00059,CULANN,6,
RES-000264,EVT-00059,CULQUI,4,
RES-000265,EVT-00059,ANOANN,1,
RES-000266,EVT-00059,AEDALB,1,
RES-000267,EVT-00059,CULGLO,1,
RES-000268,EVT-00059,CULMOL,1,
RES-000269,EVT-00059,AEDSAG,1,
RES-000270,EVT-00060,AEDNOT,1,
RES-000271,EVT-00060,AEDVIG,1,
RES-000272,EVT-00060,CULANN,1,
RES-000273,EVT-00060,CULQUI,1,
RES-000274,EVT-00060,CULGLO,1,
RES-000275,EVT-00061,AEDNOT,3,
RES-000276,EVT-00061,AEDVIG,6,
RES-000277,EVT-00061,AEDCAM,2,
RES-000278,EVT-00061,CULANN,11,
RES-000279,EVT-00061,CULQUI,3,
RES-000280,EVT-00061,ANOANN,1,
RES-000281,EVT-00061,CULGLO,2,
RES-000282,EVT-00061,CULMOL,1,
RES-000283,EVT-00062,AEDNOT,4,
RES-000284,EVT-00062,AEDVIG,4,
RES-000285,EVT-00062,AEDCAM,3,
RES-000286,EVT-00062,CULANN,7,
RES-000287,EVT-00062,CULQUI,12,
RES-000288,EVT-00062,ANOANN,2,
RES-000289,EVT-00062,CULMOL,2,
RES-000290,EVT-00062,CULAUS,1,
RES-000291,EVT-00062,AEDSAG,2,
RES-000292,EVT-00063,CULANN,1,
RES-000293,EVT-00063,CULQUI,1,
RES-000294,EVT-00063,CULAUS,1,
RES-000295,EVT-00064,AEDNOT,1,
RES-000296,EVT-00064,AEDVIG,3,
RES-000297,EVT-00064,AEDCAM,5,
RES-000298,EVT-00064,CULANN,1,
RES-000299,EVT-00064,CULQUI,4,
RES-000300,EVT-00064,ANOANN,1,
RES-000301,EVT-00064,AEDALB,1,
RES-000302,EVT-00064,CULMOL,1,
RES-000303,EVT-00064,AEDSAG,1,
RES-000304,EVT-00065,AEDNOT,2,
RES-000305,EVT-00065,AEDVIG,4,
RES-000306,EVT-00065,AEDCAM,2,
RES-000307,EVT-00065,CULANN,9,
RES-000308,EVT-00065,CULQUI,3,
RES-000309,EVT-00065,AEDALB,2,
RES-000310,EVT-00066,AEDNOT,1,
RES-000311,EVT-00066,AEDVIG,1,
RES-000312,EVT-00066,AEDCAM,1,
RES-000313,EVT-00066,CULANN,5,
RES-000314,EVT-00067,AEDNOT,3,
RES-000315,EVT-00067,AEDVIG,7,
RES-000316,EVT-00067,AEDCAM,2,
RES-000317,EVT-00067,CULANN,3,
RES-000318,EVT-00067,CULQUI,7,
RES-000319,EVT-00067,ANOANN,1,
RES-000320,EVT-00067,CULGLO,1,
RES-000321,EVT-00067,CULAUS,1,
RES-000322,EVT-00067,AEDSAG,1,
RES-000323,EVT-00068,AEDVIG,2,
RES-000324,EVT-00068,CULANN,4,
RES-000325,EVT-00068,CULQUI,4,
RES-000326,EVT-00069,CULANN,4,
RES-000327,EVT-00069,CULQUI,2,
RES-000328,EVT-00069,CULGLO,1,
RES-000329,EVT-00069,CULMOL,1,
RES-000330,EVT-00070,AEDNOT,1,
RES-000331,EVT-00070,AEDVIG,2,
RES-000332,EVT-00070,AEDCAM,5,
RES-000333,EVT-00070,CULANN,9,
RES-000334,EVT-00070,CULQUI,2,
RES-000335,EVT-00070,ANOANN,1,
RES-000336,EVT-00070,CULGLO,1,
RES-000337,EVT-00070,CULAUS,1,
RES-000338,EVT-00070,AEDSAG,1,
RES-000339,EVT-00071,AEDNOT,3,
RES-000340,EVT-00071,AEDVIG,1,
RES-000341,EVT-00071,CULANN,4,
RES-000342,EVT-00071,CULQUI,7,
RES-000343,EVT-00071,CULGLO,1,
RES-000344,EVT-00071,AEDSAG,1,
RES-000345,EVT-00072,AEDVIG,2,
RES-000346,EVT-00072,AEDCAM,1,
RES-000347,EVT-00072,CULANN,1,
RES-000348,EVT-00072,AEDSAG,1,
RES-000349,EVT-00073,AEDNOT,2,
RES-000350,EVT-00073,AEDVIG,7,
RES-000351,EVT-00073,AEDCAM,3,
RES-000352,EVT-00073,CULANN,3,
RES-000353,EVT-00073,CULQUI,8,
RES-000354,EVT-00073,CULGLO,1,
RES-000355,EVT-00073,CULAUS,1,
RES-000356,EVT-00073,AEDSAG,3,
RES-000357,EVT-00074,AEDNOT,4,
RES-000358,EVT-00074,AEDVIG,3,
RES-000359,EVT-00074,AEDCAM,1,
RES-000360,EVT-00074,CULANN,9,
RES-000361,EVT-00074,AEDSAG,1,
RES-000362,EVT-00076,AEDNOT,2,
RES-000363,EVT-00076,AEDVIG,5,
RES-000364,EVT-00076,AEDCAM,2,
RES-000365,EVT-00076,CULANN,6,
RES-000366,EVT-00076,CULQUI,3,
RES-000367,EVT-00076,ANOANN,1,
RES-000368,EVT-00076,AEDALB,1,
RES-000369,EVT-00077,AEDNOT,1,
RES-000370,EVT-00077,AEDVIG,5,
RES-000371,EVT-00077,AEDCAM,1,
RES-000372,EVT-00077,CULANN,4,
RES-000373,EVT-00077,CULQUI,4,
RES-000374,EVT-00077,ANOANN,2,
RES-000375,EVT-00077,CULMOL,1,
RES-000376,EVT-00078,AEDVIG,3,
RES-000377,EVT-00078,CULANN,5,
RES-000378,EVT-00079,AEDNOT,1,
RES-000379,EVT-00079,AEDVIG,1,
RES-000380,EVT-00079,CULANN,7,
RES-000381,EVT-00079,CULQUI,1,
RES-000382,EVT-00079,ANOANN,1,
RES-000383,EVT-00079,AEDSAG,2,
RES-000384,EVT-00080,AEDVIG,3,
RES-000385,EVT-00080,AEDCAM,1,
RES-000386,EVT-00080,CULANN,1,
RES-000387,EVT-00080,CULQUI,3,
RES-000388,EVT-00080,AEDALB,1,
RES-000389,EVT-00080,CULGLO,1,
RES-000390,EVT-00081,AEDNOT,1,
RES-000391,EVT-00081,AEDVIG,3,
RES-000392,EVT-00081,CULANN,1,
RES-000393,EVT-00081,ANOANN,1,
RES-000394,EVT-00081,CULMOL,1,
RES-000395,EVT-00082,AEDNOT,2,
RES-000396,EVT-00082,AEDVIG,4,
RES-000397,EVT-00082,AEDCAM,1,
RES-000398,EVT-00082,CULANN,1,
RES-000399,EVT-00082,CULQUI,7,
RES-000400,EVT-00083,AEDVIG,1,
RES-000401,EVT-00083,AEDCAM,1,
RES-000402,EVT-00083,CULANN,6,
RES-000403,EVT-00083,CULQUI,3,
RES-000404,EVT-00083,AEDSAG,1,
RES-000405,EVT-00084,AEDNOT,1,
RES-000406,EVT-00084,AEDVIG,1,
RES-000407,EVT-00084,CULANN,4,
RES-000408,EVT-00084,CULQUI,1,
RES-000409,EVT-00085,AEDNOT,1,
RES-000410,EVT-00085,AEDVIG,2,
RES-000411,EVT-00085,CULANN,2,
RES-000412,EVT-00085,CULQUI,5,
RES-000413,EVT-00085,AEDALB,1,
RES-000414,EVT-00085,CULMOL,1,
RES-000415,EVT-00085,AEDSAG,1,
RES-000416,EVT-00086,AEDNOT,3,
RES-000417,EVT-00086,AEDVIG,5,
RES-000418,EVT-00086,CULANN,2,
RES-000419,EVT-00086,CULQUI,8,
RES-000420,EVT-00086,CULMOL,2,
RES-000421,EVT-00086,AEDSAG,2,
RES-000422,EVT-00087,AEDVIG,1,
RES-000423,EVT-00087,CULMOL,1,
RES-000424,EVT-00087,AEDSAG,1,
RES-000425,EVT-00088,AEDNOT,3,
RES-000426,EVT-00088,CULANN,4,
RES-000427,EVT-00088,CULQUI,2,
RES-000428,EVT-00088,CULGLO,1,
RES-000429,EVT-00090,AEDCAM,1,
RES-000430,EVT-00090,CULANN,1,
RES-000431,EVT-00090,CULAUS,1,
RES-000432,EVT-00091,AEDNOT,2,
RES-000433,EVT-00091,AEDVIG,2,
RES-000434,EVT-00091,CULANN,4,
RES-000435,EVT-00091,CULQUI,4,
RES-000436,EVT-00091,ANOANN,1,
RES-000437,EVT-00091,CULAUS,1,
RES-000438,EVT-00092,CULANN,6,
RES-000439,EVT-00092,CULQUI,1,
RES-000440,EVT-00092,AEDALB,1,
RES-000441,EVT-00093,AEDVIG,1,
RES-000442,EVT-00093,AEDCAM,1,
RES-000443,EVT-00094,AEDCAM,1,
RES-000444,EVT-00094,CULQUI,5,
RES-000445,EVT-00094,AEDALB,1,
RES-000446,EVT-00094,AEDSAG,1,
RES-000447,EVT-00096,ANOANN,1,
RES-000448,EVT-00097,CULANN,2,
RES-000449,EVT-00097,CULGLO,1,
RES-000450,EVT-00098,CULANN,2,
RES-000451,EVT-00098,CULQUI,1,
RES-000452,EVT-00099,CULQUI,1,
RES-000453,EVT-00100,AEDVIG,1,
RES-000454,EVT-00100,CULQUI,4,
RES-000455,EVT-00100,AEDALB,1,
RES-000456,EVT-00101,AEDNOT,1,
RES-000457,EVT-00101,CULANN,2,
RES-000458,EVT-00102,AEDVIG,1,
RES-000459,EVT-00102,AEDCAM,1,
RES-000460,EVT-00102,AEDALB,1,
RES-000461,EVT-00104,AEDVIG,1,
RES-000462,EVT-00106,CULANN,1,
RES-000463,EVT-00107,CULANN,1,
RES-000464,EVT-00109,CULANN,1,
RES-000465,EVT-00109,CULQUI,1,
RES-000466,EVT-00109,ANOANN,1,
RES-000467,EVT-00110,AEDNOT,1,
RES-000468,EVT-00110,AEDVIG,2,
RES-000469,EVT-00110,CULANN,1,
RES-000470,EVT-00111,AEDVIG,1,
RES-000471,EVT-00111,AEDCAM,1,
RES-000472,EVT-00111,CULQUI,1,
RES-000473,EVT-00112,AEDNOT,1,
RES-000474,EVT-00112,AEDCAM,1,
RES-000475,EVT-00112,CULANN,3,
RES-000476,EVT-00112,CULQUI,3,
RES-000477,EVT-00112,ANOANN,1,
RES-000478,EVT-00112,AEDSAG,1,
RES-000479,EVT-00113,AEDVIG,1,
RES-000480,EVT-00113,CULANN,1,
RES-000481,EVT-00113,CULQUI,1,
RES-000482,EVT-00113,AEDALB,1,
RES-000483,EVT-00115,AEDNOT,2,
RES-000484,EVT-00115,AEDVIG,1,
RES-000485,EVT-00115,AEDCAM,2,
RES-000486,EVT-00115,CULANN,2,
RES-000487,EVT-00116,AEDVIG,2,
RES-000488,EVT-00116,CULANN,3,
RES-000489,EVT-00116,CULQUI,4,
RES-000490,EVT-00116,ANOANN,1,
RES-000491,EVT-00116,CULAUS,1,
RES-000492,EVT-00117,CULQUI,1,
RES-000493,EVT-00118,AEDNOT,1,
RES-000494,EVT-00118,AEDVIG,1,
RES-000495,EVT-00118,AEDCAM,1,
RES-000496,EVT-00118,CULQUI,4,
RES-000497,EVT-00118,AEDALB,1,
RES-000498,EVT-00118,CULMOL,2,
RES-000499,EVT-00119,CULANN,3,
RES-000500,EVT-00119,CULQUI,1,
RES-000501,EVT-00119,AEDALB,1,
RES-000502,EVT-00119,CULMOL,2,
RES-000503,EVT-00121,AEDVIG,2,
RES-000504,EVT-00121,CULANN,1,
RES-000505,EVT-00121,CULQUI,1,
RES-000506,EVT-00121,ANOANN,1,
RES-000507,EVT-00121,CULMOL,1,
RES-000508,EVT-00122,AEDVIG,2,
RES-000509,EVT-00122,AEDCAM,1,
RES-000510,EVT-00122,CULANN,4,
RES-000511,EVT-00122,CULQUI,8,
RES-000512,EVT-00122,CULGLO,1,
RES-000513,EVT-00123,AEDNOT,4,
RES-000514,EVT-00123,AEDVIG,1,
RES-000515,EVT-00123,AEDCAM,1,
RES-000516,EVT-00123,CULANN,1,
RES-000517,EVT-00123,CULQUI,2,
RES-000518,EVT-00125,AEDNOT,3,
RES-000519,EVT-00125,AEDVIG,1,
RES-000520,EVT-00125,AEDCAM,3,
RES-000521,EVT-00125,CULANN,1,
RES-000522,EVT-00125,CULQUI,2,
RES-000523,EVT-00125,ANOANN,1,
RES-000524,EVT-00125,CULAUS,2,
RES-000525,EVT-00125,AEDSAG,3,
RES-000526,EVT-00126,AEDVIG,2,
RES-000527,EVT-00126,CULANN,2,
RES-000528,EVT-00126,CULQUI,1,
RES-000529,EVT-00126,AEDALB,1,
RES-000530,EVT-00126,CULMOL,1,
RES-000531,EVT-00126,AEDSAG,1,
RES-000532,EVT-00127,AEDNOT,3,
RES-000533,EVT-00127,AEDVIG,4,
RES-000534,EVT-00127,AEDCAM,2,
RES-000535,EVT-00127,CULANN,1,
RES-000536,EVT-00127,CULQUI,9,
RES-000537,EVT-00127,CULGLO,1,
RES-000538,EVT-00127,CULMOL,1,
RES-000539,EVT-00128,AEDNOT,2,
RES-000540,EVT-00128,AEDVIG,6,
RES-000541,EVT-00128,CULANN,14,
RES-000542,EVT-00128,AEDALB,1,
RES-000543,EVT-00128,AEDSAG,1,
RES-000544,EVT-00129,AEDNOT,1,
RES-000545,EVT-00129,AEDCAM,1,
RES-000546,EVT-00129,CULANN,1,
RES-000547,EVT-00129,CULQUI,1,
RES-000548,EVT-00129,CULGLO,1,
RES-000549,EVT-00129,CULAUS,1,
RES-000550,EVT-00129,AEDSAG,1,
RES-000551,EVT-00130,AEDNOT,2,
RES-000552,EVT-00130,AEDVIG,5,
RES-000553,EVT-00130,CULANN,4,
RES-000554,EVT-00130,CULQUI,10,
RES-000555,EVT-00130,AEDALB,1,
RES-000556,EVT-00130,CULMOL,1,
RES-000557,EVT-00130,AEDSAG,2,
RES-000558,EVT-00131,AEDNOT,1,
RES-000559,EVT-00131,AEDVIG,5,
RES-000560,EVT-00131,AEDCAM,3,
RES-000561,EVT-00131,CULANN,1,
RES-000562,EVT-00131,CULQUI,7,
RES-000563,EVT-00131,ANOANN,1,
RES-000564,EVT-00131,CULMOL,1,
RES-000565,EVT-00132,AEDVIG,1,
RES-000566,EVT-00132,AEDCAM,1,
RES-000567,EVT-00132,CULANN,2,
RES-000568,EVT-00132,CULQUI,1,
RES-000569,EVT-00132,ANOANN,1,
RES-000570,EVT-00132,CULAUS,1,
RES-000571,EVT-00132,AEDSAG,1,
RES-000572,EVT-00133,AEDNOT,1,
RES-000573,EVT-00133,CULANN,9,
RES-000574,EVT-00133,CULQUI,1,
RES-000575,EVT-00133,AEDALB,1,
RES-000576,EVT-00133,CULMOL,2,
RES-000577,EVT-00133,AEDSAG,2,
RES-000578,EVT-00134,AEDNOT,1,
RES-000579,EVT-00134,AEDVIG,5,
RES-000580,EVT-00134,AEDCAM,2,
RES-000581,EVT-00134,CULANN,1,
RES-000582,EVT-00134,CULQUI,4,
RES-000583,EVT-00134,AEDALB,1,
RES-000584,EVT-00134,AEDSAG,1,
RES-000585,EVT-00137,AEDNOT,2,
RES-000586,EVT-00137,AEDVIG,3,
RES-000587,EVT-00137,CULANN,10,
RES-000588,EVT-00137,ANOANN,2,
RES-000589,EVT-00137,AEDALB,1,
RES-000590,EVT-00137,CULMOL,1,
RES-000591,EVT-00137,CULAUS,2,
RES-000592,EVT-00137,AEDSAG,1,
RES-000593,EVT-00138,AEDVIG,2,
RES-000594,EVT-00138,CULANN,4,
RES-000595,EVT-00138,CULQUI,1,
RES-000596,EVT-00139,AEDNOT,3,
RES-000597,EVT-00139,AEDVIG,3,
RES-000598,EVT-00139,AEDCAM,3,
RES-000599,EVT-00139,CULANN,3,
RES-000600,EVT-00139,CULQUI,7,
RES-000601,EVT-00139,AEDALB,1,
RES-000602,EVT-00139,CULGLO,1,
RES-000603,EVT-00139,CULMOL,1,
RES-000604,EVT-00139,CULAUS,2,
RES-000605,EVT-00139,AEDSAG,1,
RES-000606,EVT-00140,AEDNOT,2,
RES-000607,EVT-00140,AEDVIG,4,
RES-000608,EVT-00140,AEDCAM,3,
RES-000609,EVT-00140,CULANN,4,
RES-000610,EVT-00140,CULQUI,9,
RES-000611,EVT-00141,AEDNOT,1,
RES-000612,EVT-00141,AEDVIG,3,
RES-000613,EVT-00141,CULANN,4,
RES-000614,EVT-00142,AEDNOT,1,
RES-000615,EVT-00142,AEDVIG,1,
RES-000616,EVT-00142,AEDCAM,1,
RES-000617,EVT-00142,CULANN,8,
RES-000618,EVT-00142,CULQUI,4,
RES-000619,EVT-00142,ANOANN,1,
RES-000620,EVT-00142,AEDALB,1,
RES-000621,EVT-00142,CULGLO,1,
RES-000622,EVT-00142,CULMOL,1,
RES-000623,EVT-00143,AEDNOT,1,
RES-000624,EVT-00143,AEDVIG,5,
RES-000625,EVT-00143,AEDCAM,1,
RES-000626,EVT-00143,CULANN,3,
RES-000627,EVT-00143,CULQUI,11,
RES-000628,EVT-00143,AEDALB,1,
RES-000629,EVT-00143,AEDSAG,1,
RES-000630,EVT-00145,AEDNOT,5,
RES-000631,EVT-00145,AEDVIG,2,
RES-000632,EVT-00145,AEDCAM,2,
RES-000633,EVT-00145,CULANN,2,
RES-000634,EVT-00145,CULQUI,11,
RES-000635,EVT-00145,CULAUS,1,
RES-000636,EVT-00145,AEDSAG,1,
RES-000637,EVT-00146,AEDNOT,1,
RES-000638,EVT-00146,AEDVIG,5,
RES-000639,EVT-00146,AEDCAM,2,
RES-000640,EVT-00146,CULANN,13,
RES-000641,EVT-00146,CULQUI,1,
RES-000642,EVT-00146,CULGLO,1,
RES-000643,EVT-00147,AEDNOT,1,
RES-000644,EVT-00147,AEDVIG,2,
RES-000645,EVT-00147,AEDCAM,1,
RES-000646,EVT-00147,CULQUI,1,
RES-000647,EVT-00147,CULGLO,1,
RES-000648,EVT-00148,AEDNOT,2,
RES-000649,EVT-00148,AEDVIG,2,
RES-000650,EVT-00148,CULANN,7,
RES-000651,EVT-00148,CULQUI,6,
RES-000652,EVT-00148,CULMOL,1,
RES-000653,EVT-00148,CULAUS,1,
RES-000654,EVT-00149,AEDNOT,2,
RES-000655,EVT-00149,AEDVIG,7,
RES-000656,EVT-00149,AEDCAM,1,
RES-000657,EVT-00149,CULANN,2,
RES-000658,EVT-00149,CULQUI,6,
RES-000659,EVT-00149,ANOANN,2,
RES-000660,EVT-00149,AEDALB,1,
RES-000661,EVT-00149,CULGLO,1,
RES-000662,EVT-00149,CULMOL,1,
RES-000663,EVT-00149,AEDSAG,3,
RES-000664,EVT-00150,AEDVIG,1,
RES-000665,EVT-00150,CULANN,2,
RES-000666,EVT-00150,CULQUI,5,
RES-000667,EVT-00150,AEDALB,1,
RES-000668,EVT-00150,AEDSAG,1,
RES-000669,EVT-00151,AEDVIG,3,
RES-000670,EVT-00151,CULANN,11,
RES-000671,EVT-00151,CULQUI,4,
RES-000672,EVT-00151,ANOANN,1,
RES-000673,EVT-00152,AEDNOT,3,
RES-000674,EVT-00152,AEDVIG,2,
RES-000675,EVT-00152,CULANN,4,
RES-000676,EVT-00152,CULQUI,7,
RES-000677,EVT-00152,ANOANN,2,
RES-000678,EVT-00152,CULGLO,1,
RES-000679,EVT-00152,CULAUS,1,
RES-000680,EVT-00152,AEDSAG,3,
RES-000681,EVT-00153,AEDNOT,4,
RES-000682,EVT-00153,AEDVIG,8,
RES-000683,EVT-00153,AEDCAM,5,
RES-000684,EVT-00153,CULANN,6,
RES-000685,EVT-00153,CULQUI,13,
RES-000686,EVT-00153,ANOANN,1,
RES-000687,EVT-00153,AEDALB,1,
RES-000688,EVT-00153,CULGLO,1,
RES-000689,EVT-00153,CULMOL,1,
RES-000690,EVT-00153,CULAUS,1,
RES-000691,EVT-00153,AEDSAG,6,
RES-000692,EVT-00154,AEDVIG,5,
RES-000693,EVT-00154,AEDCAM,3,
RES-000694,EVT-00154,CULQUI,5,
RES-000695,EVT-00154,ANOANN,1,
RES-000696,EVT-00154,AEDALB,3,
RES-000697,EVT-00155,AEDNOT,3,
RES-000698,EVT-00155,AEDVIG,4,
RES-000699,EVT-00155,AEDCAM,1,
RES-000700,EVT-00155,CULANN,9,
RES-000701,EVT-00155,CULQUI,2,
RES-000702,EVT-00155,ANOANN,1,
RES-000703,EVT-00155,AEDSAG,1,
RES-000704,EVT-00156,CULANN,2,
RES-000705,EVT-00156,CULQUI,3,
RES-000706,EVT-00156,AEDALB,1,
RES-000707,EVT-00157,AEDNOT,3,
RES-000708,EVT-00157,AEDVIG,5,
RES-000709,EVT-00157,AEDCAM,1,
RES-000710,EVT-00157,CULANN,4,
RES-000711,EVT-00157,CULQUI,10,
RES-000712,EVT-00157,AEDALB,1,
RES-000713,EVT-00157,CULMOL,1,
RES-000714,EVT-00157,CULAUS,2,
RES-000715,EVT-00157,AEDSAG,2,
RES-000716,EVT-00158,AEDNOT,5,
RES-000717,EVT-00158,AEDVIG,4,
RES-000718,EVT-00158,AEDCAM,1,
RES-000719,EVT-00158,CULANN,8,
RES-000720,EVT-00158,CULQUI,9,
RES-000721,EVT-00158,ANOANN,1,
RES-000722,EVT-00158,CULMOL,2,
RES-000723,EVT-00158,AEDSAG,3,
RES-000724,EVT-00159,AEDCAM,1,
RES-000725,EVT-00159,CULANN,3,
RES-000726,EVT-00159,CULQUI,5,
RES-000727,EVT-00159,CULGLO,1,
RES-000728,EVT-00159,CULMOL,1,
RES-000729,EVT-00159,CULAUS,1,
RES-000730,EVT-00159,AEDSAG,3,
RES-000731,EVT-00160,AEDNOT,4,
RES-000732,EVT-00160,AEDVIG,4,
RES-000733,EVT-00160,AEDCAM,1,
RES-000734,EVT-00160,CULANN,10,
RES-000735,EVT-00160,CULQUI,2,
RES-000736,EVT-00160,CULGLO,1,
RES-000737,EVT-00160,CULMOL,1,
RES-000738,EVT-00160,AEDSAG,1,
RES-000739,EVT-00162,AEDNOT,3,
RES-000740,EVT-00162,AEDVIG,1,
RES-000741,EVT-00162,CULANN,1,
RES-000742,EVT-00163,AEDVIG,5,
RES-000743,EVT-00163,AEDCAM,1,
RES-000744,EVT-00163,CULQUI,10,
RES-000745,EVT-00163,ANOANN,2,
RES-000746,EVT-00163,AEDSAG,2,
RES-000747,EVT-00164,AEDVIG,4,
RES-000748,EVT-00164,AEDCAM,3,
RES-000749,EVT-00164,CULANN,8,
RES-000750,EVT-00164,CULQUI,2,
RES-000751,EVT-00164,ANOANN,1,
RES-000752,EVT-00164,AEDALB,1,
RES-000753,EVT-00164,CULMOL,1,
RES-000754,EVT-00164,CULAUS,1,
RES-000755,EVT-00164,AEDSAG,1,
RES-000756,EVT-00165,AEDVIG,1,
RES-000757,EVT-00165,CULANN,1,
RES-000758,EVT-00165,CULQUI,2,
RES-000759,EVT-00165,CULAUS,1,
RES-000760,EVT-00166,AEDNOT,2,
RES-000761,EVT-00166,AEDVIG,2,
RES-000762,EVT-00166,AEDCAM,2,
RES-000763,EVT-00166,CULANN,1,
RES-000764,EVT-00166,CULQUI,11,
RES-000765,EVT-00166,CULGLO,1,
RES-000766,EVT-00167,AEDNOT,1,
RES-000767,EVT-00167,AEDVIG,3,
RES-000768,EVT-00167,CULANN,4,
RES-000769,EVT-00167,CULQUI,9,
RES-000770,EVT-00167,ANOANN,1,
RES-000771,EVT-00167,CULMOL,1,
RES-000772,EVT-00168,AEDNOT,1,
RES-000773,EVT-00168,AEDVIG,1,
RES-000774,EVT-00168,CULANN,1,
RES-000775,EVT-00168,CULQUI,3,
RES-000776,EVT-00168,AEDSAG,1,
RES-000777,EVT-00169,AEDNOT,1,
RES-000778,EVT-00169,AEDVIG,5,
RES-000779,EVT-00169,AEDCAM,1,
RES-000780,EVT-00169,CULANN,10,
RES-000781,EVT-00169,ANOANN,1,
RES-000782,EVT-00169,AEDALB,1,
RES-000783,EVT-00169,CULMOL,2,
RES-000784,EVT-00169,CULAUS,1,
RES-000785,EVT-00170,AEDVIG,1,
RES-000786,EVT-00170,AEDCAM,1,
RES-000787,EVT-00170,CULANN,1,
RES-000788,EVT-00170,CULQUI,4,
RES-000789,EVT-00170,AEDALB,1,
RES-000790,EVT-00171,AEDCAM,4,
RES-000791,EVT-00171,CULANN,1,
RES-000792,EVT-00171,CULQUI,2,
RES-000793,EVT-00171,AEDALB,1,
RES-000794,EVT-00172,AEDNOT,2,
RES-000795,EVT-00172,AEDVIG,3,
RES-000796,EVT-00172,AEDCAM,1,
RES-000797,EVT-00172,CULANN,7,
RES-000798,EVT-00172,CULQUI,10,
RES-000799,EVT-00172,CULGLO,1,
RES-000800,EVT-00172,CULMOL,2,
RES-000801,EVT-00172,AEDSAG,2,
RES-000802,EVT-00173,AEDNOT,1,
RES-000803,EVT-00173,AEDVIG,5,
RES-000804,EVT-00173,CULANN,11,
RES-000805,EVT-00173,CULQUI,2,
RES-000806,EVT-00173,ANOANN,1,
RES-000807,EVT-00173,CULGLO,1,
RES-000808,EVT-00173,AEDSAG,1,
RES-000809,EVT-00174,AEDNOT,2,
RES-000810,EVT-00174,AEDVIG,1,
RES-000811,EVT-00174,CULANN,4,
RES-000812,EVT-00174,AEDSAG,3,
RES-000813,EVT-00175,AEDNOT,2,
RES-000814,EVT-00175,AEDVIG,3,
RES-000815,EVT-00175,CULANN,2,
RES-000816,EVT-00175,CULQUI,5,
RES-000817,EVT-00175,ANOANN,1,
RES-000818,EVT-00175,AEDALB,1,
RES-000819,EVT-00175,CULAUS,1,
RES-000820,EVT-00175,AEDSAG,2,
RES-000821,EVT-00176,AEDVIG,2,
RES-000822,EVT-00176,AEDCAM,1,
RES-000823,EVT-00176,CULANN,3,
RES-000824,EVT-00176,CULQUI,7,
RES-000825,EVT-00176,ANOANN,1,
RES-000826,EVT-00176,CULMOL,1,
RES-000827,EVT-00177,AEDCAM,1,
RES-000828,EVT-00177,CULANN,2,
RES-000829,EVT-00177,CULGLO,1,
RES-000830,EVT-00177,CULMOL,1,
RES-000831,EVT-00178,AEDVIG,4,
RES-000832,EVT-00178,CULANN,7,
RES-000833,EVT-00178,CULQUI,1,
RES-000834,EVT-00178,CULMOL,2,
RES-000835,EVT-00179,AEDNOT,2,
RES-000836,EVT-00179,AEDVIG,5,
RES-000837,EVT-00179,AEDCAM,1,
RES-000838,EVT-00179,CULANN,3,
RES-000839,EVT-00179,CULQUI,8,
RES-000840,EVT-00179,CULGLO,2,
RES-000841,EVT-00179,CULAUS,1,
RES-000842,EVT-00179,AEDSAG,2,
RES-000843,EVT-00180,AEDCAM,3,
RES-000844,EVT-00180,CULANN,3,
RES-000845,EVT-00181,AEDNOT,1,
RES-000846,EVT-00181,AEDVIG,1,
RES-000847,EVT-00181,AEDCAM,2,
RES-000848,EVT-00181,CULANN,1,
RES-000849,EVT-00181,CULQUI,5,
RES-000850,EVT-00181,AEDALB,1,
RES-000851,EVT-00181,AEDSAG,2,
RES-000852,EVT-00182,AEDNOT,2,
RES-000853,EVT-00182,AEDVIG,3,
RES-000854,EVT-00182,AEDCAM,1,
RES-000855,EVT-00182,CULANN,11,
RES-000856,EVT-00182,CULQUI,1,
RES-000857,EVT-00182,AEDALB,1,
RES-000858,EVT-00182,CULMOL,3,
RES-000859,EVT-00182,AEDSAG,1,
RES-000860,EVT-00183,AEDCAM,1,
RES-000861,EVT-00183,CULQUI,1,
RES-000862,EVT-00183,AEDALB,1,
RES-000863,EVT-00183,CULAUS,1,
RES-000864,EVT-00184,AEDNOT,3,
RES-000865,EVT-00184,AEDVIG,4,
RES-000866,EVT-00184,AEDCAM,1,
RES-000867,EVT-00184,CULANN,1,
RES-000868,EVT-00184,CULQUI,8,
RES-000869,EVT-00185,AEDVIG,3,
RES-000870,EVT-00185,AEDCAM,1,
RES-000871,EVT-00185,CULANN,5,
RES-000872,EVT-00185,CULQUI,8,
RES-000873,EVT-00185,AEDALB,1,
RES-000874,EVT-00185,CULGLO,1,
RES-000875,EVT-00186,AEDVIG,1,
RES-000876,EVT-00186,CULANN,4,
RES-000877,EVT-00187,AEDNOT,1,
RES-000878,EVT-00187,AEDVIG,3,
RES-000879,EVT-00187,CULANN,5,
RES-000880,EVT-00189,AEDNOT,2,
RES-000881,EVT-00189,AEDCAM,1,
RES-000882,EVT-00189,CULQUI,3,
RES-000883,EVT-00189,AEDSAG,1,
RES-000884,EVT-00190,AEDNOT,1,
RES-000885,EVT-00190,AEDVIG,1,
RES-000886,EVT-00190,CULANN,1,
RES-000887,EVT-00190,CULQUI,3,
RES-000888,EVT-00191,AEDNOT,2,
RES-000889,EVT-00191,CULANN,9,
RES-000890,EVT-00191,CULMOL,1,
RES-000891,EVT-00191,AEDSAG,1,
RES-000892,EVT-00194,AEDVIG,3,
RES-000893,EVT-00194,CULQUI,2,
RES-000894,EVT-00194,AEDALB,1,
RES-000895,EVT-00195,CULANN,2,
RES-000896,EVT-00195,AEDSAG,1,
RES-000897,EVT-00196,AEDNOT,1,
RES-000898,EVT-00196,CULANN,5,
RES-000899,EVT-00196,AEDALB,1,
RES-000900,EVT-00196,AEDSAG,1,
RES-000901,EVT-00197,AEDCAM,1,
RES-000902,EVT-00197,CULANN,1,
RES-000903,EVT-00197,CULQUI,4,
RES-000904,EVT-00197,ANOANN,1,
RES-000905,EVT-00198,AEDNOT,1,
RES-000906,EVT-00198,AEDVIG,1,
RES-000907,EVT-00198,AEDCAM,1,
RES-000908,EVT-00198,CULANN,2,
RES-000909,EVT-00198,CULQUI,1,
RES-000910,EVT-00199,AEDNOT,1,
RES-000911,EVT-00199,AEDVIG,1,
RES-000912,EVT-00199,CULANN,1,
RES-000913,EVT-00199,CULQUI,2,
RES-000914,EVT-00199,AEDALB,1,
RES-000915,EVT-00200,AEDVIG,1,
RES-000916,EVT-00200,CULANN,2,
RES-000917,EVT-00200,AEDALB,1,
RES-000918,EVT-00202,CULANN,1,
RES-000919,EVT-00202,CULQUI,1,
RES-000920,EVT-00203,CULQUI,1,
RES-000921,EVT-00206,CULANN,1,
RES-000922,EVT-00206,CULQUI,1,
RES-000923,EVT-00206,CULMOL,1,
RES-000924,EVT-00208,AEDVIG,2,
RES-000925,EVT-00208,CULQUI,3,
RES-000926,EVT-00209,AEDVIG,4,
RES-000927,EVT-00209,CULANN,1,
RES-000928,EVT-00211,AEDVIG,2,
RES-000929,EVT-00211,CULQUI,2,
RES-000930,EVT-00211,ANOANN,1,
RES-000931,EVT-00212,AEDNOT,1,
RES-000932,EVT-00212,AEDCAM,1,
RES-000933,EVT-00212,CULQUI,2,
RES-000934,EVT-00212,AEDSAG,1,
RES-000935,EVT-00213,CULQUI,1,
RES-000936,EVT-00215,AEDNOT,1,
RES-000937,EVT-00215,AEDVIG,1,
RES-000938,EVT-00215,AEDCAM,1,
RES-000939,EVT-00215,CULANN,1,
RES-000940,EVT-00216,AEDVIG,1,
RES-000941,EVT-00216,CULANN,1,
RES-000942,EVT-00217,AEDVIG,2,
RES-000943,EVT-00217,AEDCAM,1,
RES-000944,EVT-00217,CULANN,1,
RES-000945,EVT-00217,CULQUI,3,
RES-000946,EVT-00217,ANOANN,1,
RES-000947,EVT-00217,CULGLO,1,
RES-000948,EVT-00217,AEDSAG,2,
RES-000949,EVT-00218,AEDNOT,1,
RES-000950,EVT-00218,AEDCAM,2,
RES-000951,EVT-00218,CULANN,3,
RES-000952,EVT-00218,CULAUS,1,
RES-000953,EVT-00221,AEDNOT,1,
RES-000954,EVT-00221,AEDVIG,5,
RES-000955,EVT-00221,AEDCAM,1,
RES-000956,EVT-00221,CULANN,3,
RES-000957,EVT-00221,CULQUI,7,
RES-000958,EVT-00221,AEDALB,1,
RES-000959,EVT-00221,CULMOL,1,
RES-000960,EVT-00222,AEDVIG,1,
RES-000961,EVT-00222,CULQUI,2,
RES-000962,EVT-00223,AEDNOT,1,
RES-000963,EVT-00223,AEDVIG,2,
RES-000964,EVT-00223,CULANN,9,
RES-000965,EVT-00223,CULQUI,2,
RES-000966,EVT-00224,AEDVIG,1,
RES-000967,EVT-00224,CULANN,2,
RES-000968,EVT-00224,CULQUI,4,
RES-000969,EVT-00224,ANOANN,1,
RES-000970,EVT-00225,AEDNOT,1,
RES-000971,EVT-00225,AEDVIG,2,
RES-000972,EVT-00225,AEDCAM,1,
RES-000973,EVT-00225,CULANN,1,
RES-000974,EVT-00225,AEDALB,1,
RES-000975,EVT-00226,AEDNOT,1,
RES-000976,EVT-00226,AEDVIG,6,
RES-000977,EVT-00226,AEDCAM,1,
RES-000978,EVT-00226,CULANN,2,
RES-000979,EVT-00226,CULQUI,3,
RES-000980,EVT-00226,CULAUS,1,
RES-000981,EVT-00226,AEDSAG,1,
RES-000982,EVT-00227,AEDNOT,1,
RES-000983,EVT-00227,AEDVIG,1,
RES-000984,EVT-00227,AEDCAM,2,
RES-000985,EVT-00227,CULANN,5,
RES-000986,EVT-00227,AEDALB,2,
RES-000987,EVT-00227,CULMOL,1,
RES-000988,EVT-00228,AEDVIG,1,
RES-000989,EVT-00228,CULANN,1,
RES-000990,EVT-00229,AEDNOT,2,
RES-000991,EVT-00229,AEDVIG,4,
RES-000992,EVT-00229,AEDCAM,1,
RES-000993,EVT-00229,CULANN,2,
RES-000994,EVT-00229,CULQUI,5,
RES-000995,EVT-00229,ANOANN,1,
RES-000996,EVT-00229,AEDALB,2,
RES-000997,EVT-00229,AEDSAG,1,
RES-000998,EVT-00230,AEDVIG,4,
RES-000999,EVT-00230,AEDCAM,2,
RES-001000,EVT-00230,CULANN,5,
RES-001001,EVT-00230,CULQUI,6,
RES-001002,EVT-00230,CULAUS,2,
RES-001003,EVT-00230,AEDSAG,1,
RES-001004,EVT-00231,AEDNOT,1,
RES-001005,EVT-00231,AEDVIG,7,
RES-001006,EVT-00231,AEDCAM,2,
RES-001007,EVT-00231,CULANN,13,
RES-001008,EVT-00231,CULQUI,1,
RES-001009,EVT-00231,ANOANN,2,
RES-001010,EVT-00231,AEDALB,1,
RES-001011,EVT-00231,CULGLO,1,
RES-001012,EVT-00231,CULMOL,2,
RES-001013,EVT-00231,AEDSAG,3,
RES-001014,EVT-00232,AEDNOT,1,
RES-001015,EVT-00232,AEDVIG,3,
RES-001016,EVT-00232,AEDCAM,2,
RES-001017,EVT-00232,CULANN,8,
RES-001018,EVT-00232,ANOANN,1,
RES-001019,EVT-00232,AEDALB,1,
RES-001020,EVT-00232,CULGLO,1,
RES-001021,EVT-00232,AEDSAG,2,
RES-001022,EVT-00233,AEDVIG,1,
RES-001023,EVT-00233,AEDCAM,1,
RES-001024,EVT-00233,CULANN,1,
RES-001025,EVT-00233,CULQUI,6,
RES-001026,EVT-00233,AEDALB,1,
RES-001027,EVT-00233,CULMOL,2,
RES-001028,EVT-00233,CULAUS,1,
RES-001029,EVT-00234,AEDNOT,1,
RES-001030,EVT-00234,CULANN,2,
RES-001031,EVT-00234,AEDALB,1,
RES-001032,EVT-00235,AEDNOT,2,
RES-001033,EVT-00235,AEDVIG,1,
RES-001034,EVT-00235,CULANN,4,
RES-001035,EVT-00235,CULQUI,8,
RES-001036,EVT-00235,ANOANN,1,
RES-001037,EVT-00235,AEDALB,1,
RES-001038,EVT-00235,CULAUS,1,
RES-001039,EVT-00236,AEDVIG,4,
RES-001040,EVT-00236,AEDCAM,2,
RES-001041,EVT-00236,CULANN,9,
RES-001042,EVT-00236,CULQUI,2,
RES-001043,EVT-00236,CULMOL,1,
RES-001044,EVT-00236,AEDSAG,1,
RES-001045,EVT-00238,AEDNOT,2,
RES-001046,EVT-00238,AEDVIG,3,
RES-001047,EVT-00238,CULANN,1,
RES-001048,EVT-00238,CULQUI,4,
RES-001049,EVT-00238,ANOANN,1,
RES-001050,EVT-00238,CULGLO,1,
RES-001051,EVT-00238,AEDSAG,2,
RES-001052,EVT-00239,AEDNOT,4,
RES-001053,EVT-00239,AEDVIG,5,
RES-001054,EVT-00239,CULANN,3,
RES-001055,EVT-00239,CULQUI,5,
RES-001056,EVT-00239,ANOANN,1,
RES-001057,EVT-00239,AEDALB,2,
RES-001058,EVT-00239,AEDSAG,1,
RES-001059,EVT-00240,AEDVIG,1,
RES-001060,EVT-00240,CULQUI,1,
RES-001061,EVT-00240,AEDALB,1,
RES-001062,EVT-00241,AEDNOT,2,
RES-001063,EVT-00241,AEDVIG,5,
RES-001064,EVT-00241,CULANN,4,
RES-001065,EVT-00241,CULQUI,2,
RES-001066,EVT-00241,ANOANN,1,
RES-001067,EVT-00241,AEDALB,2,
RES-001068,EVT-00241,CULMOL,1,
RES-001069,EVT-00241,AEDSAG,1,
RES-001070,EVT-00242,AEDNOT,1,
RES-001071,EVT-00242,AEDVIG,8,
RES-001072,EVT-00242,AEDCAM,4,
RES-001073,EVT-00242,CULANN,5,
RES-001074,EVT-00242,CULQUI,6,
RES-001075,EVT-00243,AEDCAM,2,
RES-001076,EVT-00243,CULANN,1,
RES-001077,EVT-00243,CULQUI,1,
RES-001078,EVT-00243,CULMOL,1,
RES-001079,EVT-00243,AEDSAG,1,
RES-001080,EVT-00244,AEDNOT,3,
RES-001081,EVT-00244,AEDVIG,3,
RES-001082,EVT-00244,CULANN,6,
RES-001083,EVT-00244,CULQUI,11,
RES-001084,EVT-00244,ANOANN,1,
RES-001085,EVT-00244,CULGLO,3,
RES-001086,EVT-00244,CULMOL,2,
RES-001087,EVT-00245,AEDNOT,3,
RES-001088,EVT-00245,AEDVIG,7,
RES-001089,EVT-00245,AEDCAM,3,
RES-001090,EVT-00245,CULANN,8,
RES-001091,EVT-00245,CULQUI,2,
RES-001092,EVT-00245,ANOANN,2,
RES-001093,EVT-00245,AEDALB,1,
RES-001094,EVT-00245,CULAUS,1,
RES-001095,EVT-00245,AEDSAG,1,
RES-001096,EVT-00246,AEDNOT,2,
RES-001097,EVT-00246,AEDVIG,2,
RES-001098,EVT-00246,CULANN,4,
RES-001099,EVT-00246,CULQUI,1,
RES-001100,EVT-00246,AEDALB,1,
RES-001101,EVT-00246,AEDSAG,1,
RES-001102,EVT-00247,AEDNOT,2,
RES-001103,EVT-00247,AEDVIG,3,
RES-001104,EVT-00247,AEDCAM,3,
RES-001105,EVT-00247,CULANN,3,
RES-001106,EVT-00247,CULQUI,10,
RES-001107,EVT-00247,ANOANN,1,
RES-001108,EVT-00247,AEDALB,1,
RES-001109,EVT-00247,CULMOL,1,
RES-001110,EVT-00247,CULAUS,1,
RES-001111,EVT-00247,AEDSAG,1,
RES-001112,EVT-00248,AEDNOT,2,
RES-001113,EVT-00248,AEDVIG,3,
RES-001114,EVT-00248,AEDCAM,2,
RES-001115,EVT-00248,CULANN,4,
RES-001116,EVT-00248,CULQUI,13,
RES-001117,EVT-00248,ANOANN,1,
RES-001118,EVT-00248,AEDALB,1,
RES-001119,EVT-00248,CULGLO,1,
RES-001120,EVT-00248,CULMOL,2,
RES-001121,EVT-00249,AEDVIG,2,
RES-001122,EVT-00249,CULANN,1,
RES-001123,EVT-00249,CULQUI,1,
RES-001124,EVT-00249,CULAUS,1,
RES-001125,EVT-00250,AEDNOT,1,
RES-001126,EVT-00250,AEDVIG,4,
RES-001127,EVT-00250,AEDCAM,3,
RES-001128,EVT-00250,CULANN,14,
RES-001129,EVT-00250,CULQUI,1,
RES-001130,EVT-00250,CULGLO,1,
RES-001131,EVT-00250,CULMOL,2,
RES-001132,EVT-00250,AEDSAG,3,
RES-001133,EVT-00251,AEDNOT,1,
RES-001134,EVT-00251,AEDVIG,5,
RES-001135,EVT-00251,AEDCAM,3,
RES-001136,EVT-00251,CULANN,2,
RES-001137,EVT-00251,CULQUI,8,
RES-001138,EVT-00251,CULAUS,1,
RES-001139,EVT-00252,AEDNOT,1,
RES-001140,EVT-00252,CULANN,2,
RES-001141,EVT-00252,CULQUI,1,
RES-001142,EVT-00252,ANOANN,1,
RES-001143,EVT-00252,AEDSAG,1,
RES-001144,EVT-00253,AEDNOT,1,
RES-001145,EVT-00253,AEDVIG,2,
RES-001146,EVT-00253,AEDCAM,1,
RES-001147,EVT-00253,CULANN,4,
RES-001148,EVT-00253,CULQUI,5,
RES-001149,EVT-00253,ANOANN,2,
RES-001150,EVT-00253,CULAUS,1,
RES-001151,EVT-00253,AEDSAG,1,
RES-001152,EVT-00254,AEDNOT,1,
RES-001153,EVT-00254,AEDVIG,3,
RES-001154,EVT-00254,AEDCAM,2,
RES-001155,EVT-00254,CULANN,10,
RES-001156,EVT-00254,CULQUI,1,
RES-001157,EVT-00254,ANOANN,1,
RES-001158,EVT-00254,AEDALB,1,
RES-001159,EVT-00254,AEDSAG,1,
RES-001160,EVT-00255,CULANN,3,
RES-001161,EVT-00255,AEDSAG,1,
RES-001162,EVT-00256,AEDNOT,1,
RES-001163,EVT-00256,AEDVIG,4,
RES-001164,EVT-00256,CULANN,4,
RES-001165,EVT-00256,CULQUI,7,
RES-001166,EVT-00256,AEDALB,1,
RES-001167,EVT-00256,AEDSAG,1,
RES-001168,EVT-00257,AEDNOT,4,
RES-001169,EVT-00257,AEDVIG,6,
RES-001170,EVT-00257,AEDCAM,1,
RES-001171,EVT-00257,CULANN,7,
RES-001172,EVT-00257,CULQUI,13,
RES-001173,EVT-00257,ANOANN,1,
RES-001174,EVT-00257,AEDALB,2,
RES-001175,EVT-00257,CULMOL,2,
RES-001176,EVT-00257,AEDSAG,2,
