Trap_ID,Trap_Type,Trap_Status,Notes,Created_By,Created_Date
TRP-001,Gravid Trap,Active,,data_generator,2023-10-01
TRP-002,BG-Sentinel,Active,,data_generator,2023-10-01
TRP-003,EVS (CO2-baited),Active,,data_generator,2023-10-01
TRP-004,BG-Sentinel,Active,,data_generator,2023-10-01
TRP-005,EVS (CO2-baited),Active,,data_generator,2023-10-01
TRP-006,BG-Sentinel,Active,,data_generator,2023-10-01
TRP-007,CDC Light Trap,Active,,data_generator,2023-10-01
TRP-008,Gravid Trap,Active,,data_generator,2023-10-01
TRP-009,BG-Sentinel,Active,,data_generator,2023-10-01
TRP-010,CDC Light Trap,Active,,data_generator,2023-10-01
TRP-011,EVS (CO2-baited),Active,,data_generator,2023-10-01
TRP-012,EVS (CO2-baited),Active,,data_generator,2023-10-01
TRP-013,CDC Light Trap,Active,,data_generator,2023-10-01
TRP-014,Gravid Trap,Active,,data_generator,2023-10-01
TRP-015,CDC Light Trap,Active,,data_generator,2023-10-01
TRP-016,EVS (CO2-baited),Active,,data_generator,2023-10-01
TRP-017,CDC Light Trap,Active,,data_generator,2023-10-01
TRP-018,CDC Light Trap,Active,,data_generator,2023-10-01
TRP-019,CDC Light Trap,Active,,data_generator,2023-10-01
TRP-020,CDC Light Trap,Active,,data_generator,2023-10-01
TRP-021,EVS (CO2-baited),Active,,data_generator,2023-10-01
TRP-022,EVS (CO2-baited),Active,,data_generator,2023-10-01
TRP-023,Gravid Trap,Active,,data_generator,2023-10-01
TRP-024,EVS (CO2-baited),Active,,data_generator,2023-10-01
