Treatment_ID,Site_ID,Season,Planned_Date,Treatment_Date,Treatment_Status,Treatment_Type,Product_ID,Application_Method,Application_Rate,Rate_Unit,Area_Treated_M2,Quantity_Used,Operator,Reason,Cancelled_Reason,Notes,Created_By,Created_Date,Modified_By,Modified_Date
TRT-00001,ST-014,2023-24,2024-02-16,2024-02-16,Completed,Larvicide Application,,"Ground equipment (broadcast/granular spreader) for good, even coverage at the rates below; can also be applied aerially (fixed-wing/helicopter with granular spreaders) at the same 3-4 kg/ha rates, checked frequently against area flown.",3.5,kg/ha (ground or aerial broadacre application),80368.0,28129,Officer F,Follow-up after prior treatment,,,data_generator,2024-02-16,data_generator,2024-02-16
TRT-00002,ST-009,2023-24,2024-04-08,2024-04-10,Completed,Source Reduction / Habitat Modification,,,,,,,Officer A,Surveillance threshold exceeded,,,data_generator,2024-04-08,data_generator,2024-04-10
TRT-00003,ST-015,2023-24,2024-02-09,2024-02-10,Completed,Larvicide Application,PRD-02,"Hand placement - float/place briquette(s) directly in water. In soft mud/loose sediment, place in a mesh bag tied to a stake so the briquet doesn't sink and to allow monitoring of breakdown rate. Not effective where briquets can be flushed out of the site - must be anchored.",15.0,m2 of water surface per 1 briquet,99679.0,6646,Officer E,Routine scheduled treatment,,,data_generator,2024-02-09,data_generator,2024-02-10
TRT-00004,ST-021,2023-24,2024-01-21,2024-01-23,Completed,Source Reduction / Habitat Modification,,,,,0,,Officer A,Follow-up after prior treatment,,,data_generator,2024-01-21,data_generator,2024-01-23
TRT-00005,ST-003,2023-24,2024-04-29,2024-04-29,Completed,Larvicide Application,PRD-01,"Ground equipment (broadcast/granular spreader) for good, even coverage at the rates below; can also be applied aerially (fixed-wing/helicopter with granular spreaders) at the same 3-4 kg/ha rates, checked frequently against area flown.",3.5,kg/ha (ground or aerial broadacre application),24990.0,8747,Officer C,Complaint-triggered inspection,,,data_generator,2024-04-29,data_generator,2024-04-29
TRT-00006,ST-002,2023-24,2024-01-19,2024-01-19,Completed,Larvicide Application,PRD-01,"Ground equipment (broadcast/granular spreader) for good, even coverage at the rates below; can also be applied aerially (fixed-wing/helicopter with granular spreaders) at the same 3-4 kg/ha rates, checked frequently against area flown.",3.5,kg/ha (ground or aerial broadacre application),105816.0,37036,,Follow-up after prior treatment,,,data_generator,2024-01-19,data_generator,2024-01-19
TRT-00007,ST-005,2023-24,2023-12-09,2023-12-10,Completed,Larvicide Application,PRD-02,"Hand placement - float/place briquette(s) directly in water. In soft mud/loose sediment, place in a mesh bag tied to a stake so the briquet doesn't sink and to allow monitoring of breakdown rate. Not effective where briquets can be flushed out of the site - must be anchored.",15.0,m2 of water surface per 1 briquet,5644.0,377,Officer E,Follow-up after prior treatment,,,data_generator,2023-12-09,data_generator,2023-12-10
TRT-00008,ST-019,2023-24,2024-05-30,2024-05-31,Completed,Larvicide Application,PRD-02,"Hand placement - float/place briquette(s) directly in water. In soft mud/loose sediment, place in a mesh bag tied to a stake so the briquet doesn't sink and to allow monitoring of breakdown rate. Not effective where briquets can be flushed out of the site - must be anchored.",15.0,m2 of water surface per 1 briquet,16049.0,1070,Officer B,Complaint-triggered inspection,,,data_generator,2024-05-30,data_generator,2024-05-31
TRT-00009,ST-011,2023-24,2024-01-31,2024-02-01,Completed,Larvicide Application,PRD-02,"Hand placement - float/place briquette(s) directly in water. In soft mud/loose sediment, place in a mesh bag tied to a stake so the briquet doesn't sink and to allow monitoring of breakdown rate. Not effective where briquets can be flushed out of the site - must be anchored.",15.0,m2 of water surface per 1 briquet,30903.0,2061,Officer B,Surveillance threshold exceeded,,,data_generator,2024-01-31,data_generator,2024-02-01
TRT-00010,ST-009,2023-24,2023-10-10,2023-10-11,Completed,Larvicide Application,PRD-02,"Hand placement - float/place briquette(s) directly in water. In soft mud/loose sediment, place in a mesh bag tied to a stake so the briquet doesn't sink and to allow monitoring of breakdown rate. Not effective where briquets can be flushed out of the site - must be anchored.",15.0,m2 of water surface per 1 briquet,106983.0,7133,Officer E,Routine scheduled treatment,,,data_generator,2023-10-10,data_generator,2023-10-11
TRT-00011,ST-020,2023-24,2024-01-06,2024-01-07,Completed,Larvicide Application,PRD-01,"Ground equipment (broadcast/granular spreader) for good, even coverage at the rates below; can also be applied aerially (fixed-wing/helicopter with granular spreaders) at the same 3-4 kg/ha rates, checked frequently against area flown.",3.5,kg/ha (ground or aerial broadacre application),105053.0,36769,Officer B,Complaint-triggered inspection,,,data_generator,2024-01-06,data_generator,2024-01-07
TRT-00012,ST-018,2023-24,2023-11-24,2023-11-24,Completed,Larvicide Application,PRD-02,"Hand placement - float/place briquette(s) directly in water. In soft mud/loose sediment, place in a mesh bag tied to a stake so the briquet doesn't sink and to allow monitoring of breakdown rate. Not effective where briquets can be flushed out of the site - must be anchored.",15.0,m2 of water surface per 1 briquet,10790.0,720,Officer C,Surveillance threshold exceeded,,,data_generator,2023-11-24,data_generator,2023-11-24
TRT-00013,ST-001,2023-24,2023-11-14,2023-11-15,Completed,Adulticide Application,PRD-02,"Hand placement - float/place briquette(s) directly in water. In soft mud/loose sediment, place in a mesh bag tied to a stake so the briquet doesn't sink and to allow monitoring of breakdown rate. Not effective where briquets can be flushed out of the site - must be anchored.",15.0,m2 of water surface per 1 briquet,46139.0,3076,Officer F,Surveillance threshold exceeded,,,data_generator,2023-11-14,data_generator,2023-11-15
TRT-00014,ST-003,2023-24,2024-04-26,2024-04-26,Completed,Larvicide Application,PRD-01,"Ground equipment (broadcast/granular spreader) for good, even coverage at the rates below; can also be applied aerially (fixed-wing/helicopter with granular spreaders) at the same 3-4 kg/ha rates, checked frequently against area flown.",3.5,kg/ha (ground or aerial broadacre application),14578.0,5102,Officer F,Surveillance threshold exceeded,,,data_generator,2024-04-26,data_generator,2024-04-26
TRT-00015,ST-016,2023-24,2024-04-12,2024-04-12,Completed,Larvicide Application,PRD-02,"Hand placement - float/place briquette(s) directly in water. In soft mud/loose sediment, place in a mesh bag tied to a stake so the briquet doesn't sink and to allow monitoring of breakdown rate. Not effective where briquets can be flushed out of the site - must be anchored.",15.0,m2 of water surface per 1 briquet,88863.0,5925,Officer E,Surveillance threshold exceeded,,,data_generator,2024-04-12,data_generator,2024-04-12
TRT-00016,ST-002,2023-24,2023-10-29,2023-10-30,Completed,Adulticide Application,PRD-02,"Hand placement - float/place briquette(s) directly in water. In soft mud/loose sediment, place in a mesh bag tied to a stake so the briquet doesn't sink and to allow monitoring of breakdown rate. Not effective where briquets can be flushed out of the site - must be anchored.",15.0,m2 of water surface per 1 briquet,48073.0,3205,Officer C,Surveillance threshold exceeded,,,data_generator,2023-10-29,data_generator,2023-10-30
TRT-00017,ST-002,2023-24,2024-02-08,2024-02-08,Completed,Adulticide Application,PRD-01,"Ground equipment (broadcast/granular spreader) for good, even coverage at the rates below; can also be applied aerially (fixed-wing/helicopter with granular spreaders) at the same 3-4 kg/ha rates, checked frequently against area flown.",3.5,kg/ha (ground or aerial broadacre application),27743.0,9710,Officer D,Follow-up after prior treatment,,,data_generator,2024-02-08,data_generator,2024-02-08
TRT-00018,ST-007,2023-24,2024-04-20,2024-04-22,Completed,Larvicide Application,PRD-01,"Ground equipment (broadcast/granular spreader) for good, even coverage at the rates below; can also be applied aerially (fixed-wing/helicopter with granular spreaders) at the same 3-4 kg/ha rates, checked frequently against area flown.",3.5,kg/ha (ground or aerial broadacre application),19864.0,6952,Officer A,Complaint-triggered inspection,,,data_generator,2024-04-20,data_generator,2024-04-22
TRT-00019,ST-021,2023-24,2024-02-23,2024-02-24,Completed,Larvicide Application,PRD-01,"Ground equipment (broadcast/granular spreader) for good, even coverage at the rates below; can also be applied aerially (fixed-wing/helicopter with granular spreaders) at the same 3-4 kg/ha rates, checked frequently against area flown.",3.5,kg/ha (ground or aerial broadacre application),114486.0,40070,Officer D,Complaint-triggered inspection,,,data_generator,2024-02-23,data_generator,2024-02-24
TRT-00020,ST-018,2024-25,2025-01-23,2025-01-23,Completed,Larvicide Application,PRD-01,"Ground equipment (broadcast/granular spreader) for good, even coverage at the rates below; can also be applied aerially (fixed-wing/helicopter with granular spreaders) at the same 3-4 kg/ha rates, checked frequently against area flown.",3.5,kg/ha (ground or aerial broadacre application),5048.0,1767,Officer A,Routine scheduled treatment,,,data_generator,2025-01-23,data_generator,2025-01-23
TRT-00021,ST-009,2024-25,2024-11-02,,Cancelled,Larvicide Application,PRD-02,"Hand placement - float/place briquette(s) directly in water. In soft mud/loose sediment, place in a mesh bag tied to a stake so the briquet doesn't sink and to allow monitoring of breakdown rate. Not effective where briquets can be flushed out of the site - must be anchored.",15.0,m2 of water surface per 1 briquet,41552.0,,Officer B,Follow-up after prior treatment,Insufficient surveillance trigger,,data_generator,2024-11-02,data_generator,2024-11-02
TRT-00022,ST-001,2024-25,2025-05-18,2025-05-18,Completed,Larvicide Application,PRD-02,"Hand placement - float/place briquette(s) directly in water. In soft mud/loose sediment, place in a mesh bag tied to a stake so the briquet doesn't sink and to allow monitoring of breakdown rate. Not effective where briquets can be flushed out of the site - must be anchored.",15.0,m2 of water surface per 1 briquet,78737.0,5250,Officer E,Complaint-triggered inspection,,,data_generator,2025-05-18,data_generator,2025-05-18
TRT-00023,ST-007,2024-25,2024-12-06,2024-12-08,Completed,Larvicide Application,PRD-02,"Hand placement - float/place briquette(s) directly in water. In soft mud/loose sediment, place in a mesh bag tied to a stake so the briquet doesn't sink and to allow monitoring of breakdown rate. Not effective where briquets can be flushed out of the site - must be anchored.",15.0,m2 of water surface per 1 briquet,26910.0,1794,Officer B,Surveillance threshold exceeded,,,data_generator,2024-12-06,data_generator,2024-12-08
TRT-00024,ST-011,2024-25,2025-03-17,2025-03-17,Completed,Larvicide Application,PRD-02,"Hand placement - float/place briquette(s) directly in water. In soft mud/loose sediment, place in a mesh bag tied to a stake so the briquet doesn't sink and to allow monitoring of breakdown rate. Not effective where briquets can be flushed out of the site - must be anchored.",15.0,m2 of water surface per 1 briquet,78620.0,5242,Officer D,Routine scheduled treatment,,,data_generator,2025-03-17,data_generator,2025-03-17
TRT-00025,ST-015,2024-25,2025-01-05,2025-01-07,Completed,Larvicide Application,PRD-01,"Ground equipment (broadcast/granular spreader) for good, even coverage at the rates below; can also be applied aerially (fixed-wing/helicopter with granular spreaders) at the same 3-4 kg/ha rates, checked frequently against area flown.",3.5,kg/ha (ground or aerial broadacre application),89319.0,31262,Officer E,Complaint-triggered inspection,,,data_generator,2025-01-05,data_generator,2025-01-07
TRT-00026,ST-017,2024-25,2024-11-18,2024-11-19,Completed,Larvicide Application,PRD-01,"Ground equipment (broadcast/granular spreader) for good, even coverage at the rates below; can also be applied aerially (fixed-wing/helicopter with granular spreaders) at the same 3-4 kg/ha rates, checked frequently against area flown.",3.5,kg/ha (ground or aerial broadacre application),16158.0,5655,Officer C,Routine scheduled treatment,,,data_generator,2024-11-18,data_generator,2024-11-19
TRT-00027,ST-001,2024-25,2024-12-04,2024-12-04,Completed,Source Reduction / Habitat Modification,,,,,,,Officer F,Complaint-triggered inspection,,,data_generator,2024-12-04,data_generator,2024-12-04
TRT-00028,ST-006,2024-25,2025-02-16,2025-02-18,Completed,Source Reduction / Habitat Modification,,,,,,,Officer C,Follow-up after prior treatment,,,data_generator,2025-02-16,data_generator,2025-02-18
TRT-00029,ST-009,2024-25,2024-10-03,2024-10-05,Completed,Source Reduction / Habitat Modification,,,,,,,Officer E,Complaint-triggered inspection,,,data_generator,2024-10-03,data_generator,2024-10-05
TRT-00030,ST-018,2024-25,2025-01-11,2025-01-13,Completed,Source Reduction / Habitat Modification,,,,,,,Officer C,Follow-up after prior treatment,,,data_generator,2025-01-11,data_generator,2025-01-13
TRT-00031,ST-011,2024-25,2024-10-06,2024-10-08,Completed,Larvicide Application,PRD-01,"Ground equipment (broadcast/granular spreader) for good, even coverage at the rates below; can also be applied aerially (fixed-wing/helicopter with granular spreaders) at the same 3-4 kg/ha rates, checked frequently against area flown.",3.5,kg/ha (ground or aerial broadacre application),80965.0,28338,Officer B,Surveillance threshold exceeded,,,data_generator,2024-10-06,data_generator,2024-10-08
TRT-00032,ST-017,2024-25,2024-10-06,2024-10-06,Completed,Larvicide Application,PRD-01,"Ground equipment (broadcast/granular spreader) for good, even coverage at the rates below; can also be applied aerially (fixed-wing/helicopter with granular spreaders) at the same 3-4 kg/ha rates, checked frequently against area flown.",3.5,kg/ha (ground or aerial broadacre application),75259.0,26341,Officer F,Surveillance threshold exceeded,,,data_generator,2024-10-06,data_generator,2024-10-06
TRT-00033,ST-003,2024-25,2025-05-01,,Cancelled,Larvicide Application,PRD-02,"Hand placement - float/place briquette(s) directly in water. In soft mud/loose sediment, place in a mesh bag tied to a stake so the briquet doesn't sink and to allow monitoring of breakdown rate. Not effective where briquets can be flushed out of the site - must be anchored.",15.0,m2 of water surface per 1 briquet,52793.0,,Officer E,Routine scheduled treatment,Insufficient surveillance trigger,,data_generator,2025-05-01,data_generator,2025-05-01
TRT-00034,ST-005,2024-25,2025-05-25,2025-05-26,Completed,Source Reduction / Habitat Modification,,,,,,,Officer B,Routine scheduled treatment,,,data_generator,2025-05-25,data_generator,2025-05-26
TRT-00035,ST-012,2024-25,2024-11-15,2024-11-17,Completed,Larvicide Application,PRD-01,"Ground equipment (broadcast/granular spreader) for good, even coverage at the rates below; can also be applied aerially (fixed-wing/helicopter with granular spreaders) at the same 3-4 kg/ha rates, checked frequently against area flown.",3.5,kg/ha (ground or aerial broadacre application),38339.0,13419,Officer F,Surveillance threshold exceeded,,,data_generator,2024-11-15,data_generator,2024-11-17
TRT-00036,ST-019,2025-26,2025-12-08,2025-12-10,Completed,Adulticide Application,PRD-02,"Hand placement - float/place briquette(s) directly in water. In soft mud/loose sediment, place in a mesh bag tied to a stake so the briquet doesn't sink and to allow monitoring of breakdown rate. Not effective where briquets can be flushed out of the site - must be anchored.",15.0,m2 of water surface per 1 briquet,73849.0,4924,Officer B,Complaint-triggered inspection,,,data_generator,2025-12-08,data_generator,2025-12-10
TRT-00037,ST-005,2025-26,2025-12-27,2025-12-28,Completed,Adulticide Application,PRD-01,"Ground equipment (broadcast/granular spreader) for good, even coverage at the rates below; can also be applied aerially (fixed-wing/helicopter with granular spreaders) at the same 3-4 kg/ha rates, checked frequently against area flown.",3.5,kg/ha (ground or aerial broadacre application),55181.0,19313,Officer C,Follow-up after prior treatment,,,data_generator,2025-12-27,data_generator,2025-12-28
TRT-00038,ST-006,2025-26,2025-11-06,2025-11-08,Completed,Larvicide Application,PRD-02,"Hand placement - float/place briquette(s) directly in water. In soft mud/loose sediment, place in a mesh bag tied to a stake so the briquet doesn't sink and to allow monitoring of breakdown rate. Not effective where briquets can be flushed out of the site - must be anchored.",15.0,m2 of water surface per 1 briquet,18045.0,1203,Officer C,Surveillance threshold exceeded,,,data_generator,2025-11-06,data_generator,2025-11-08
TRT-00039,ST-008,2025-26,2025-10-31,2025-11-02,Completed,Larvicide Application,PRD-02,"Hand placement - float/place briquette(s) directly in water. In soft mud/loose sediment, place in a mesh bag tied to a stake so the briquet doesn't sink and to allow monitoring of breakdown rate. Not effective where briquets can be flushed out of the site - must be anchored.",15.0,m2 of water surface per 1 briquet,61343.0,4090,Officer E,Follow-up after prior treatment,,,data_generator,2025-10-31,data_generator,2025-11-02
TRT-00040,ST-006,2025-26,2025-11-27,2025-11-27,Completed,Larvicide Application,PRD-01,"Ground equipment (broadcast/granular spreader) for good, even coverage at the rates below; can also be applied aerially (fixed-wing/helicopter with granular spreaders) at the same 3-4 kg/ha rates, checked frequently against area flown.",3.5,kg/ha (ground or aerial broadacre application),81900.0,28665,Officer F,Complaint-triggered inspection,,,data_generator,2025-11-27,data_generator,2025-11-27
TRT-00041,ST-013,2025-26,2026-02-05,,Planned,Larvicide Application,PRD-02,"Hand placement - float/place briquette(s) directly in water. In soft mud/loose sediment, place in a mesh bag tied to a stake so the briquet doesn't sink and to allow monitoring of breakdown rate. Not effective where briquets can be flushed out of the site - must be anchored.",15.0,m2 of water surface per 1 briquet,96044.0,,Officer A,Surveillance threshold exceeded,,,data_generator,2026-02-05,data_generator,2026-02-05
TRT-00042,ST-012,2025-26,2025-10-13,2025-10-13,Completed,Source Reduction / Habitat Modification,,,,,,,Officer C,Surveillance threshold exceeded,,,data_generator,2025-10-13,data_generator,2025-10-13
TRT-00043,ST-019,2025-26,2025-10-25,2025-10-26,Completed,Larvicide Application,PRD-02,"Hand placement - float/place briquette(s) directly in water. In soft mud/loose sediment, place in a mesh bag tied to a stake so the briquet doesn't sink and to allow monitoring of breakdown rate. Not effective where briquets can be flushed out of the site - must be anchored.",15.0,m2 of water surface per 1 briquet,109960.0,7331,Officer F,Follow-up after prior treatment,,,data_generator,2025-10-25,data_generator,2025-10-26
TRT-00044,ST-015,2025-26,2026-01-17,2026-01-18,Completed,Larvicide Application,PRD-01,"Ground equipment (broadcast/granular spreader) for good, even coverage at the rates below; can also be applied aerially (fixed-wing/helicopter with granular spreaders) at the same 3-4 kg/ha rates, checked frequently against area flown.",3.5,kg/ha (ground or aerial broadacre application),106765.0,37368,Officer A,Routine scheduled treatment,,,data_generator,2026-01-17,data_generator,2026-01-18
TRT-00045,ST-002,2025-26,2025-11-29,2025-11-29,Completed,Larvicide Application,PRD-02,"Hand placement - float/place briquette(s) directly in water. In soft mud/loose sediment, place in a mesh bag tied to a stake so the briquet doesn't sink and to allow monitoring of breakdown rate. Not effective where briquets can be flushed out of the site - must be anchored.",15.0,m2 of water surface per 1 briquet,13582.0,906,Officer E,Complaint-triggered inspection,,,data_generator,2025-11-29,data_generator,2025-11-29
TRT-00046,ST-001,2025-26,2025-10-23,2025-10-25,Completed,Larvicide Application,PRD-01,"Ground equipment (broadcast/granular spreader) for good, even coverage at the rates below; can also be applied aerially (fixed-wing/helicopter with granular spreaders) at the same 3-4 kg/ha rates, checked frequently against area flown.",3.5,kg/ha (ground or aerial broadacre application),73278.0,25647,Officer A,Surveillance threshold exceeded,,,data_generator,2025-10-23,data_generator,2025-10-25
TRT-00047,ST-001,2025-26,2025-11-22,2025-11-23,Completed,Larvicide Application,PRD-02,"Hand placement - float/place briquette(s) directly in water. In soft mud/loose sediment, place in a mesh bag tied to a stake so the briquet doesn't sink and to allow monitoring of breakdown rate. Not effective where briquets can be flushed out of the site - must be anchored.",15.0,m2 of water surface per 1 briquet,91241.0,6083,Officer A,Complaint-triggered inspection,,,data_generator,2025-11-22,data_generator,2025-11-23
TRT-00048,ST-018,2025-26,2025-12-31,2025-12-31,Completed,Larvicide Application,PRD-01,"Ground equipment (broadcast/granular spreader) for good, even coverage at the rates below; can also be applied aerially (fixed-wing/helicopter with granular spreaders) at the same 3-4 kg/ha rates, checked frequently against area flown.",3.5,kg/ha (ground or aerial broadacre application),101442.0,35505,Officer D,Follow-up after prior treatment,,,data_generator,2025-12-31,data_generator,2025-12-31
TRT-00049,ST-012,2025-26,2025-10-28,2025-10-30,Completed,Larvicide Application,PRD-02,"Hand placement - float/place briquette(s) directly in water. In soft mud/loose sediment, place in a mesh bag tied to a stake so the briquet doesn't sink and to allow monitoring of breakdown rate. Not effective where briquets can be flushed out of the site - must be anchored.",15.0,m2 of water surface per 1 briquet,87764.0,5851,Officer F,Follow-up after prior treatment,,,data_generator,2025-10-28,data_generator,2025-10-30
TRT-00050,ST-021,2025-26,2026-02-03,2026-02-05,Completed,Larvicide Application,PRD-01,"Ground equipment (broadcast/granular spreader) for good, even coverage at the rates below; can also be applied aerially (fixed-wing/helicopter with granular spreaders) at the same 3-4 kg/ha rates, checked frequently against area flown.",3.5,kg/ha (ground or aerial broadacre application),97517.0,34131,Officer D,Follow-up after prior treatment,,,data_generator,2026-02-03,data_generator,2026-02-05
TRT-00051,ST-007,2025-26,2025-11-27,2025-11-28,Completed,Larvicide Application,PRD-01,"Ground equipment (broadcast/granular spreader) for good, even coverage at the rates below; can also be applied aerially (fixed-wing/helicopter with granular spreaders) at the same 3-4 kg/ha rates, checked frequently against area flown.",3.5,kg/ha (ground or aerial broadacre application),64971.0,22740,Officer A,Complaint-triggered inspection,,,data_generator,2025-11-27,data_generator,2025-11-28
TRT-00052,ST-017,2025-26,2026-01-20,2026-01-20,Completed,Adulticide Application,PRD-01,"Ground equipment (broadcast/granular spreader) for good, even coverage at the rates below; can also be applied aerially (fixed-wing/helicopter with granular spreaders) at the same 3-4 kg/ha rates, checked frequently against area flown.",3.5,kg/ha (ground or aerial broadacre application),45181.0,15813,Officer E,Follow-up after prior treatment,,,data_generator,2026-01-20,data_generator,2026-01-20
TRT-00053,ST-002,2023-24,2023-11-26,2023-11-26,Completed,Larvicide Application,PRD-01,"Ground equipment (broadcast/granular spreader) for good, even coverage at the rates below; can also be applied aerially (fixed-wing/helicopter with granular spreaders) at the same 3-4 kg/ha rates, checked frequently against area flown.",3.5,kg/ha (ground or aerial broadacre application),77122.0,26993,Officer F,Surveillance threshold exceeded,,Targeted treatment at known persistent hotspot.,data_generator,2023-11-26,data_generator,2023-11-26
TRT-00054,ST-002,2024-25,2024-11-29,2024-11-29,Completed,Larvicide Application,PRD-01,"Ground equipment (broadcast/granular spreader) for good, even coverage at the rates below; can also be applied aerially (fixed-wing/helicopter with granular spreaders) at the same 3-4 kg/ha rates, checked frequently against area flown.",3.5,kg/ha (ground or aerial broadacre application),61512.0,21529,Officer A,Surveillance threshold exceeded,,Targeted treatment at known persistent hotspot.,data_generator,2024-11-29,data_generator,2024-11-29
TRT-00055,ST-002,2025-26,2025-11-22,2025-11-22,Completed,Larvicide Application,PRD-02,"Hand placement - float/place briquette(s) directly in water. In soft mud/loose sediment, place in a mesh bag tied to a stake so the briquet doesn't sink and to allow monitoring of breakdown rate. Not effective where briquets can be flushed out of the site - must be anchored.",15.0,m2 of water surface per 1 briquet,62389.0,4160,Officer D,Surveillance threshold exceeded,,Targeted treatment at known persistent hotspot.,data_generator,2025-11-22,data_generator,2025-11-22
TRT-00056,ST-014,2023-24,2023-11-19,2023-11-19,Completed,Larvicide Application,PRD-02,"Hand placement - float/place briquette(s) directly in water. In soft mud/loose sediment, place in a mesh bag tied to a stake so the briquet doesn't sink and to allow monitoring of breakdown rate. Not effective where briquets can be flushed out of the site - must be anchored.",15.0,m2 of water surface per 1 briquet,56020.0,3735,Officer F,Surveillance threshold exceeded,,Targeted treatment at known persistent hotspot.,data_generator,2023-11-19,data_generator,2023-11-19
TRT-00057,ST-014,2024-25,2025-02-04,2025-02-04,Completed,Larvicide Application,PRD-02,"Hand placement - float/place briquette(s) directly in water. In soft mud/loose sediment, place in a mesh bag tied to a stake so the briquet doesn't sink and to allow monitoring of breakdown rate. Not effective where briquets can be flushed out of the site - must be anchored.",15.0,m2 of water surface per 1 briquet,71914.0,4795,Officer C,Surveillance threshold exceeded,,Targeted treatment at known persistent hotspot.,data_generator,2025-02-04,data_generator,2025-02-04
TRT-00058,ST-014,2025-26,2025-10-15,2025-10-15,Completed,Larvicide Application,PRD-01,"Ground equipment (broadcast/granular spreader) for good, even coverage at the rates below; can also be applied aerially (fixed-wing/helicopter with granular spreaders) at the same 3-4 kg/ha rates, checked frequently against area flown.",3.5,kg/ha (ground or aerial broadacre application),55855.0,19549,Officer C,Surveillance threshold exceeded,,Targeted treatment at known persistent hotspot.,data_generator,2025-10-15,data_generator,2025-10-15
TRT-00059,ST-020,2023-24,2024-01-14,2024-01-14,Completed,Larvicide Application,PRD-02,"Hand placement - float/place briquette(s) directly in water. In soft mud/loose sediment, place in a mesh bag tied to a stake so the briquet doesn't sink and to allow monitoring of breakdown rate. Not effective where briquets can be flushed out of the site - must be anchored.",15.0,m2 of water surface per 1 briquet,54743.0,3650,Officer F,Surveillance threshold exceeded,,Targeted treatment at known persistent hotspot.,data_generator,2024-01-14,data_generator,2024-01-14
TRT-00060,ST-020,2024-25,2025-01-28,2025-01-28,Completed,Larvicide Application,PRD-01,"Ground equipment (broadcast/granular spreader) for good, even coverage at the rates below; can also be applied aerially (fixed-wing/helicopter with granular spreaders) at the same 3-4 kg/ha rates, checked frequently against area flown.",3.5,kg/ha (ground or aerial broadacre application),34989.0,12246,Officer C,Surveillance threshold exceeded,,Targeted treatment at known persistent hotspot.,data_generator,2025-01-28,data_generator,2025-01-28
TRT-00061,ST-020,2025-26,2025-10-08,2025-10-08,Completed,Larvicide Application,PRD-01,"Ground equipment (broadcast/granular spreader) for good, even coverage at the rates below; can also be applied aerially (fixed-wing/helicopter with granular spreaders) at the same 3-4 kg/ha rates, checked frequently against area flown.",3.5,kg/ha (ground or aerial broadacre application),50553.0,17694,Officer F,Surveillance threshold exceeded,,Targeted treatment at known persistent hotspot.,data_generator,2025-10-08,data_generator,2025-10-08
